<?xml version="1.0" ?>
<EtherTerm>
    <Phonebook version="1.0">
        <BBS name="A Missing Chromosome" ip="marabbs.no-ip.org" port="23" protocol="TELNET" login="" password="" font="vga8x16.bmp" keyMap="ANSI" />
        <BBS name="Adept BBS" ip="adeptbbs.com" port="23" protocol="TELNET" login="" password="" font="vga8x16.bmp" keyMap="ANSI" />
        <BBS name="After Hours BBS" ip="afterhours-bbs.com" port="23" protocol="TELNET" login="" password="" font="vga8x16.bmp" keyMap="ANSI" />
        <BBS name="Agency BBS" ip="agency.bbs.geek.nz" port="23" protocol="TELNET" login="" password="" font="vga8x16.bmp" keyMap="ANSI" />
        <BBS name="AlcaBBS" ip="bbs.alcatrash.org" port="23" protocol="TELNET" login="" password="" font="vga8x16.bmp" keyMap="ANSI" />
        <BBS name="Aleco Experience BBS" ip="bbs.alecoexp.cz" port="23" protocol="TELNET" login="" password="" font="vga8x16.bmp" keyMap="ANSI" />
        <BBS name="Alpha Centauri BBS (1)" ip="acentauribbs.no-ip.org" port="23" protocol="TELNET" login="" password="" font="vga8x16.bmp" keyMap="ANSI" />
        <BBS name="Alpha Centauri BBS (2)" ip="acentauribbs.no-ip.org" port="2002" protocol="TELNET" login="" password="" font="vga8x16.bmp" keyMap="ANSI" />
        <BBS name="Amber BBS" ip="amberbbs.com" port="23" protocol="TELNET" login="" password="" font="vga8x16.bmp" keyMap="ANSI" />
        <BBS name="Anarchy Underground" ip="aubbs.zapto.org" port="23" protocol="TELNET" login="" password="" font="vga8x16.bmp" keyMap="ANSI" />
        <BBS name="AnonBBS" ip="anonbbs.org" port="1337" protocol="TELNET" login="" password="" font="vga8x16.bmp" keyMap="ANSI" />
        <BBS name="Antidote" ip="antidote.hopto.org" port="23" protocol="TELNET" login="" password="" font="vga8x16.bmp" keyMap="ANSI" />
        <BBS name="Anybox" ip="anybox.freedyndns.de" port="23" protocol="TELNET" login="" password="" font="vga8x16.bmp" keyMap="ANSI" />
        <BBS name="AquiSoftworks BBS" ip="bier028.nl" port="23" protocol="TELNET" login="" password="" font="vga8x16.bmp" keyMap="ANSI" />
        <BBS name="Arcade" ip="thearcade.darktech.org" port="23" protocol="TELNET" login="" password="" font="vga8x16.bmp" keyMap="ANSI" />
        <BBS name="Arcade BBS" ip="arcade.demon.co.uk" port="23" protocol="TELNET" login="" password="" font="vga8x16.bmp" keyMap="ANSI" />
        <BBS name="Archaic Binary" ip="ssl.archaicbinary.net" port="23" protocol="TELNET" login="" password="" font="vga8x16.bmp" keyMap="ANSI" />
        <BBS name="Armageddon BBS" ip="endtimeprophecy.net" port="23" protocol="TELNET" login="" password="" font="vga8x16.bmp" keyMap="ANSI" />
        <BBS name="Asirta.com" ip="asirta.com" port="23" protocol="TELNET" login="" password="" font="vga8x16.bmp" keyMap="ANSI" />
        <BBS name="AT2K Design BBS" ip="bbs.at2k.org" port="23" protocol="TELNET" login="" password="" font="vga8x16.bmp" keyMap="ANSI" />
        <BBS name="Backwood Realm BBS" ip="bwrbbs.ddns.net" port="23" protocol="TELNET" login="" password="" font="vga8x16.bmp" keyMap="ANSI" />
        <BBS name="BackYard BBS" ip="62.202.42.63" port="23" protocol="TELNET" login="" password="" font="vga8x16.bmp" keyMap="ANSI" />
        <BBS name="Barbaria BBS" ip="norbus.com" port="23" protocol="TELNET" login="" password="" font="vga8x16.bmp" keyMap="ANSI" />
        <BBS name="Batboard BBS" ip="173.26.241.52" port="23" protocol="TELNET" login="" password="" font="vga8x16.bmp" keyMap="ANSI" />
        <BBS name="Battlestar BBS" ip="battlestarbbs.dyndns.org" port="23" protocol="TELNET" login="" password="" font="vga8x16.bmp" keyMap="ANSI" />
        <BBS name="BBSMates" ip="bbsmates.com" port="23" protocol="TELNET" login="" password="" font="vga8x16.bmp" keyMap="ANSI" />
        <BBS name="BCG-Box" ip="bbbs.net" port="23" protocol="TELNET" login="" password="" font="vga8x16.bmp" keyMap="ANSI" />
        <BBS name="Bear's Den" ip="bbs.bearfather.net" port="23" protocol="TELNET" login="" password="" font="vga8x16.bmp" keyMap="ANSI" />
        <BBS name="Bedrock BBS" ip="bbs.kristyandrick.com" port="23" protocol="TELNET" login="" password="" font="vga8x16.bmp" keyMap="ANSI" />
        <BBS name="Bento Box BBS" ip="bentoboxbbs.com" port="23" protocol="TELNET" login="" password="" font="vga8x16.bmp" keyMap="ANSI" />
        <BBS name="BGD Consulting & Graphics" ip="bgdcag.synchro.net" port="2332" protocol="TELNET" login="" password="" font="vga8x16.bmp" keyMap="ANSI" />
        <BBS name="Bit Bucket" ip="bbs.thebitbucket.ca" port="23" protocol="TELNET" login="" password="" font="vga8x16.bmp" keyMap="ANSI" />
        <BBS name="Bit Sunrise" ip="bitsunrise.com" port="23" protocol="TELNET" login="" password="" font="vga8x16.bmp" keyMap="ANSI" />
        <BBS name="Bits & Bytes BBS" ip="bnbbbs.net" port="23" protocol="TELNET" login="" password="" font="vga8x16.bmp" keyMap="ANSI" />
        <BBS name="Black Flag (2)" ip="blackflag.acid.org" port="23" protocol="TELNET" login="" password="" font="vga8x16.bmp" keyMap="ANSI" />
        <BBS name="Black Knite's Dungeon" ip="bloodnet.myftp.org" port="23" protocol="TELNET" login="" password="" font="vga8x16.bmp" keyMap="ANSI" />
        <BBS name="BlackICE" ip="blackice.bbsindex.com" port="23" protocol="TELNET" login="" password="" font="vga8x16.bmp" keyMap="ANSI" />
        <BBS name="Blood Island" ip="bloodisland.ph4.se" port="23" protocol="TELNET" login="" password="" font="vga8x16.bmp" keyMap="ANSI" />
        <BBS name="Blood Stone" ip="www.bsbbs.com" port="23" protocol="TELNET" login="" password="" font="vga8x16.bmp" keyMap="ANSI" />
        <BBS name="BoobTube BBS" ip="bbs.foodvault.net" port="23" protocol="TELNET" login="" password="" font="vga8x16.bmp" keyMap="ANSI" />
        <BBS name="Boot Factory 2k+" ip="bfbbs.no-ip.com" port="23" protocol="TELNET" login="" password="" font="vga8x16.bmp" keyMap="ANSI" />
        <BBS name="Borderline BBS" ip="borderlinebbs.dyndns.org" port="6400" protocol="TELNET" login="" password="" font="vga8x16.bmp" keyMap="ANSI" />
        <BBS name="Box 24 BBS" ip="bbs.box24.ch" port="23" protocol="TELNET" login="" password="" font="vga8x16.bmp" keyMap="ANSI" />
        <BBS name="Bozax Bulletin" ip="www.bozax.com" port="23" protocol="TELNET" login="" password="" font="vga8x16.bmp" keyMap="ANSI" />
        <BBS name="BrainToys BBS" ip="braintoys.org" port="23" protocol="TELNET" login="" password="" font="vga8x16.bmp" keyMap="ANSI" />
        <BBS name="Broken Bubble BBS" ip="bbs.thebrokenbubble.com" port="23" protocol="TELNET" login="" password="" font="vga8x16.bmp" keyMap="ANSI" />
        <BBS name="Bufkin Ridge Ranch" ip="bbs.br-ranchbbs.com" port="23" protocol="TELNET" login="" password="" font="vga8x16.bmp" keyMap="ANSI" />
        <BBS name="Capitol City Online" ip="capcity2.synchro.net" port="23" protocol="TELNET" login="" password="" font="vga8x16.bmp" keyMap="ANSI" />
        <BBS name="Capitol Shrill BBS" ip="capitolshrill.com" port="23" protocol="TELNET" login="" password="" font="vga8x16.bmp" keyMap="ANSI" />
        <BBS name="Carnage BBS (EntConn 2)" ip="entconn2.com" port="2323" protocol="TELNET" login="" password="" font="vga8x16.bmp" keyMap="ANSI" />
        <BBS name="CarrierSync II" ip="carriersync2.thruhere.net" port="6912" protocol="TELNET" login="" password="" font="vga8x16.bmp" keyMap="ANSI" />
        <BBS name="Cascades II BBS" ip="cascadesbbs.com" port="23" protocol="TELNET" login="" password="" font="vga8x16.bmp" keyMap="ANSI" />
        <BBS name="Castle Rock BBS" ip="casrock.com" port="23" protocol="TELNET" login="" password="" font="vga8x16.bmp" keyMap="ANSI" />
        <BBS name="CastleRock BBS" ip="cedarvalleybbs.com" port="2424" protocol="TELNET" login="" password="" font="vga8x16.bmp" keyMap="ANSI" />
        <BBS name="Cat Sweat BBS" ip="mud.catsweat.com" port="23" protocol="TELNET" login="" password="" font="vga8x16.bmp" keyMap="ANSI" />
        <BBS name="CedarNet BBS" ip="cedarvalleybbs.com" port="2323" protocol="TELNET" login="" password="" font="vga8x16.bmp" keyMap="ANSI" />
        <BBS name="CedarValley BBS" ip="cedarvalleybbs.com" port="23" protocol="TELNET" login="" password="" font="vga8x16.bmp" keyMap="ANSI" />
        <BBS name="CFBBS" ip="bbs.akroncdnr.com" port="23" protocol="TELNET" login="" password="" font="vga8x16.bmp" keyMap="ANSI" />
        <BBS name="Chaotic Bliss BBS" ip="chaoticbliss.darktech.org" port="23" protocol="TELNET" login="" password="" font="vga8x16.bmp" keyMap="ANSI" />
        <BBS name="ChatNFiles BBS" ip="chat.chatnfiles.com" port="23" protocol="TELNET" login="" password="" font="vga8x16.bmp" keyMap="ANSI" />
        <BBS name="Christian Fellowship" ip="cfbbs.dtdns.net" port="23" protocol="TELNET" login="" password="" font="vga8x16.bmp" keyMap="ANSI" />
        <BBS name="Circle Of Protection" ip="cop.bbbs.no" port="4000" protocol="TELNET" login="" password="" font="vga8x16.bmp" keyMap="ANSI" />
        <BBS name="CIS Bulletin Board" ip="bbs.cisbbs.nl" port="23" protocol="TELNET" login="" password="" font="vga8x16.bmp" keyMap="ANSI" />
        <BBS name="Cittadella BBS" ip="bbs.cittadellabbs.it" port="4001" protocol="TELNET" login="" password="" font="vga8x16.bmp" keyMap="ANSI" />
        <BBS name="Cloud City BBS" ip="wwiv.cloudcitybbs.com" port="23" protocol="TELNET" login="" password="" font="vga8x16.bmp" keyMap="ANSI" />
        <BBS name="Clutch BBS" ip="clutch.darktech.org" port="23" protocol="TELNET" login="" password="" font="vga8x16.bmp" keyMap="ANSI" />
        <BBS name="Code Red BBS" ip="coderedmud.servegame.com" port="23" protocol="TELNET" login="" password="" font="vga8x16.bmp" keyMap="ANSI" />
        <BBS name="Colorado Springs Central Net BBS" ip="cscnet1.net" port="23" protocol="TELNET" login="" password="" font="vga8x16.bmp" keyMap="ANSI" />
        <BBS name="Colosseum" ip="colosseum.c64bbs.org" port="6400" protocol="TELNET" login="" password="" font="vga8x16.bmp" keyMap="ANSI" />
        <BBS name="Colossus" ip="bbs.qzwx.com" port="23" protocol="TELNET" login="" password="" font="vga8x16.bmp" keyMap="ANSI" />
        <BBS name="Commodore Image" ip="cib.dyndns.org" port="6400" protocol="TELNET" login="" password="" font="vga8x16.bmp" keyMap="ANSI" />
        <BBS name="Commodore Image 2" ip="cib.dyndns.org" port="6401" protocol="TELNET" login="" password="" font="vga8x16.bmp" keyMap="ANSI" />
        <BBS name="Commodore Image 3" ip="cib.dyndns.org" port="6402" protocol="TELNET" login="" password="" font="vga8x16.bmp" keyMap="ANSI" />
        <BBS name="Communication Tower" ip="98.87.59.231" port="6400" protocol="TELNET" login="" password="" font="vga8x16.bmp" keyMap="ANSI" />
        <BBS name="Computer Fairies BBS" ip="computerfairi.es" port="23" protocol="TELNET" login="" password="" font="vga8x16.bmp" keyMap="ANSI" />
        <BBS name="Computer God" ip="cpugod.synchro.net" port="23" protocol="TELNET" login="" password="" font="vga8x16.bmp" keyMap="ANSI" />
        <BBS name="Convolution BBS" ip="convolution.us" port="23" protocol="TELNET" login="" password="" font="vga8x16.bmp" keyMap="ANSI" />
        <BBS name="Cosmo's Castle" ip="ccbbs.zapto.org" port="2323" protocol="TELNET" login="" password="" font="vga8x16.bmp" keyMap="ANSI" />
        <BBS name="Cottonwood BBS" ip="cottonwoodbbs.dyndns.org" port="23" protocol="TELNET" login="" password="" font="vga8x16.bmp" keyMap="ANSI" />
        <BBS name="Crazy World BBS (1)" ip="crazyworldbbs.com" port="23" protocol="TELNET" login="" password="" font="vga8x16.bmp" keyMap="ANSI" />
        <BBS name="Crazy World BBS (2)" ip="crazyworldbbs.com" port="2323" protocol="TELNET" login="" password="" font="vga8x16.bmp" keyMap="ANSI" />
        <BBS name="Crystal Aerie" ip="crystal-aerie.com" port="23" protocol="TELNET" login="" password="" font="vga8x16.bmp" keyMap="ANSI" />
        <BBS name="Curmudgeon's Place (1)" ip="curmudge.hopto.org" port="23" protocol="TELNET" login="" password="" font="vga8x16.bmp" keyMap="ANSI" />
        <BBS name="Curmudgeon's Place (2)" ip="curmudge.hopto.org" port="2323" protocol="TELNET" login="" password="" font="vga8x16.bmp" keyMap="ANSI" />
        <BBS name="Cyberchatnet.dynu.com" ip="cyberchatnet.dynu.com" port="2300" protocol="TELNET" login="" password="" font="vga8x16.bmp" keyMap="ANSI" />
        <BBS name="Cyberia BBS" ip="cyberia.darktech.org" port="23" protocol="TELNET" login="" password="" font="vga8x16.bmp" keyMap="ANSI" />
        <BBS name="CyberNet BBS" ip="bbs.cybernetbbs.net" port="23" protocol="TELNET" login="" password="" font="vga8x16.bmp" keyMap="ANSI" />
        <BBS name="Cyberspace BBS" ip="csbbs.omega-networks.net" port="23" protocol="TELNET" login="" password="" font="vga8x16.bmp" keyMap="ANSI" />
        <BBS name="CypherPunk (DynaCorp)" ip="cypherpunkbbs.net" port="23" protocol="TELNET" login="" password="" font="vga8x16.bmp" keyMap="ANSI" />
        <BBS name="Dark Realms" ip="darkrealms.ca" port="23" protocol="TELNET" login="" password="" font="vga8x16.bmp" keyMap="ANSI" />
        <BBS name="DarkAges BBS" ip="darkagesbbs.com" port="23" protocol="TELNET" login="" password="" font="vga8x16.bmp" keyMap="ANSI" />
        <BBS name="DarkForce! BBS" ip="darkforce-bbs.dyndns.org" port="23" protocol="TELNET" login="" password="" font="vga8x16.bmp" keyMap="ANSI" />
        <BBS name="DarkSide BBS" ip="darkside.dtdns.net" port="23" protocol="TELNET" login="" password="" font="vga8x16.bmp" keyMap="ANSI" />
        <BBS name="Darkwood BBS" ip="darkwood.ddns.net" port="23" protocol="TELNET" login="" password="" font="vga8x16.bmp" keyMap="ANSI" />
        <BBS name="Datastream BBS" ip="dsbbs.net" port="2323" protocol="TELNET" login="" password="" font="vga8x16.bmp" keyMap="ANSI" />
        <BBS name="Datotal" ip="datotal.net" port="35723" protocol="TELNET" login="" password="" font="vga8x16.bmp" keyMap="ANSI" />
        <BBS name="DDI BBSystem" ip="ddibbsystem.dk" port="5123" protocol="TELNET" login="" password="" font="vga8x16.bmp" keyMap="ANSI" />
        <BBS name="Deadbeatz" ip="deadbeatz.org" port="23" protocol="TELNET" login="" password="" font="vga8x16.bmp" keyMap="ANSI" />
        <BBS name="Decker's Heaven" ip="bbs.deckersheaven.com" port="23" protocol="TELNET" login="" password="" font="vga8x16.bmp" keyMap="ANSI" />
        <BBS name="Delta City BBS" ip="deltacity.se" port="23" protocol="TELNET" login="" password="" font="vga8x16.bmp" keyMap="ANSI" />
        <BBS name="Diamond Mine Online" ip="bbs.dmine.net" port="23" protocol="TELNET" login="" password="" font="vga8x16.bmp" keyMap="ANSI" />
        <BBS name="Digital Creation BBS" ip="bbs.digitalcreationbbs.com" port="2323" protocol="TELNET" login="" password="" font="vga8x16.bmp" keyMap="ANSI" />
        <BBS name="Digital Distortion" ip="digitaldistortionbbs.com" port="23" protocol="TELNET" login="" password="" font="vga8x16.bmp" keyMap="ANSI" />
        <BBS name="DigitalDial-Sta#1" ip="digitaldial.homeunix.com" port="23" protocol="TELNET" login="" password="" font="vga8x16.bmp" keyMap="ANSI" />
        <BBS name="Dinosaur Act" ip="megalextoria.com" port="23" protocol="TELNET" login="" password="" font="vga8x16.bmp" keyMap="ANSI" />
        <BBS name="Disk Box ][" ip="diskbox.homeip.net" port="23" protocol="TELNET" login="" password="" font="vga8x16.bmp" keyMap="ANSI" />
        <BBS name="Distortion" ip="d1st.org" port="23" protocol="TELNET" login="" password="" font="vga8x16.bmp" keyMap="ANSI" />
        <BBS name="DJ's Place" ip="bbs.impakt.net" port="6502" protocol="TELNET" login="" password="" font="vga8x16.bmp" keyMap="ANSI" />
        <BBS name="Doc's Place Online" ip="bbs.docsplace.org" port="23" protocol="TELNET" login="" password="" font="vga8x16.bmp" keyMap="ANSI" />
        <BBS name="Dock Sud" ip="bbs.docksud.com.ar" port="23" protocol="TELNET" login="" password="" font="vga8x16.bmp" keyMap="ANSI" />
        <BBS name="Dogtown BBS" ip="bbs.kiwi.net" port="23" protocol="TELNET" login="" password="" font="vga8x16.bmp" keyMap="ANSI" />
        <BBS name="Domotron" ip="bbs.domotron.net" port="23" protocol="TELNET" login="" password="" font="vga8x16.bmp" keyMap="ANSI" />
        <BBS name="Door Games Unlimited" ip="dgu.dyndns.org" port="23" protocol="TELNET" login="" password="" font="vga8x16.bmp" keyMap="ANSI" />
        <BBS name="Downunder BBS" ip="downunderbbs.com" port="23" protocol="TELNET" login="" password="" font="vga8x16.bmp" keyMap="ANSI" />
        <BBS name="Draconian BBS" ip="drac.synchro.net" port="23" protocol="TELNET" login="" password="" font="vga8x16.bmp" keyMap="ANSI" />
        <BBS name="Dragon's Lair BBS" ip="dragon.vk3heg.net" port="23" protocol="TELNET" login="" password="" font="vga8x16.bmp" keyMap="ANSI" />
        <BBS name="Dreamline" ip="dreamline.themajorbbs.com" port="23" protocol="TELNET" login="" password="" font="vga8x16.bmp" keyMap="ANSI" />
        <BBS name="DreamMatches" ip="71.246.247.37" port="23" protocol="TELNET" login="" password="" font="vga8x16.bmp" keyMap="ANSI" />
        <BBS name="Dritt BBS" ip="dritt.no-ip.org" port="23" protocol="TELNET" login="" password="" font="vga8x16.bmp" keyMap="ANSI" />
        <BBS name="Dungeon BBS" ip="dungeon.barnabasmusic.com" port="23" protocol="TELNET" login="" password="" font="vga8x16.bmp" keyMap="ANSI" />
        <BBS name="Dura-Europos" ip="dura-bbs.net" port="6359" protocol="TELNET" login="" password="" font="vga8x16.bmp" keyMap="ANSI" />
        <BBS name="Eagle's Dare" ip="bbsdoors.com" port="23" protocol="TELNET" login="" password="" font="vga8x16.bmp" keyMap="ANSI" />
        <BBS name="EastSide BBS" ip="eastsidebbs.com" port="23" protocol="TELNET" login="" password="" font="vga8x16.bmp" keyMap="ANSI" />
        <BBS name="Eclipse BBS" ip="99.89.65.2" port="23" protocol="TELNET" login="" password="" font="vga8x16.bmp" keyMap="ANSI" />
        <BBS name="Edge BBS" ip="theedgebbs.dyndns.org" port="23" protocol="TELNET" login="" password="" font="vga8x16.bmp" keyMap="ANSI" />
        <BBS name="Edge of Oblivion BBS" ip="eob-bbs.com" port="23" protocol="TELNET" login="" password="" font="vga8x16.bmp" keyMap="ANSI" />
        <BBS name="Efectolinux" ip="bbs.efectolinux.com" port="23" protocol="TELNET" login="" password="" font="vga8x16.bmp" keyMap="ANSI" />
        <BBS name="Eight Bit Guild" ip="8bitguild.no-ip.org" port="130" protocol="TELNET" login="" password="" font="vga8x16.bmp" keyMap="ANSI" />
        <BBS name="Eldritch Clockwork" ip="eldritch.darktech.org" port="23" protocol="TELNET" login="" password="" font="vga8x16.bmp" keyMap="ANSI" />
        <BBS name="Electronic Chicken BBS" ip="bbs.electronicchicken.com" port="23" protocol="TELNET" login="" password="" font="vga8x16.bmp" keyMap="ANSI" />
        <BBS name="Electronic Warfare BBS" ip="bbs.ewbbs.net" port="23" protocol="TELNET" login="" password="" font="vga8x16.bmp" keyMap="ANSI" />
        <BBS name="Elite BBS" ip="elitebbs.dynu.net" port="23" protocol="TELNET" login="" password="" font="vga8x16.bmp" keyMap="ANSI" />
        <BBS name="Emerald Hill BBS" ip="bbs.emeraldhill.org" port="23" protocol="TELNET" login="" password="" font="vga8x16.bmp" keyMap="ANSI" />
        <BBS name="Emergency Scene" ip="bbs.emergencyscene.net" port="23" protocol="TELNET" login="" password="" font="vga8x16.bmp" keyMap="ANSI" />
        <BBS name="Empire of the Dragon BBS" ip="bbs.eotd.com" port="23" protocol="TELNET" login="" password="" font="vga8x16.bmp" keyMap="ANSI" />
        <BBS name="Endless Chaos BBS" ip="endlesschaos.dyndns.org" port="6400" protocol="TELNET" login="" password="" font="vga8x16.bmp" keyMap="ANSI" />
        <BBS name="Enigma BBS" ip="enigma.servebbs.net" port="3023" protocol="TELNET" login="" password="" font="vga8x16.bmp" keyMap="ANSI" />
        <BBS name="EntConn2" ip="entconn2.com" port="23" protocol="TELNET" login="" password="" font="vga8x16.bmp" keyMap="ANSI" />
        <BBS name="Error 404 BBS" ip="error404bbs.ddns.net" port="23" protocol="TELNET" login="" password="" font="vga8x16.bmp" keyMap="ANSI" />
        <BBS name="Escape To Other Worlds" ip="etow.com" port="23" protocol="TELNET" login="" password="" font="vga8x16.bmp" keyMap="ANSI" />
        <BBS name="Eschwa BBS" ip="bbs.eschwa.com" port="23" protocol="TELNET" login="" password="" font="vga8x16.bmp" keyMap="ANSI" />
        <BBS name="ExecPC" ip="bbs.execpc.com" port="23" protocol="TELNET" login="" password="" font="vga8x16.bmp" keyMap="ANSI" />
        <BBS name="Eye of the Beholder" ip="fido.beholderbbs.org" port="23" protocol="TELNET" login="" password="" font="vga8x16.bmp" keyMap="ANSI" />
        <BBS name="EZY Prison Board" ip="ezypb.darktech.org" port="2424" protocol="TELNET" login="" password="" font="vga8x16.bmp" keyMap="ANSI" />
        <BBS name="Falcon BBS" ip="bbs.falconbbs.nl" port="23" protocol="TELNET" login="" password="" font="vga8x16.bmp" keyMap="ANSI" />
        <BBS name="Fanciful Online" ip="online.fanciful.org" port="23" protocol="TELNET" login="" password="" font="vga8x16.bmp" keyMap="ANSI" />
        <BBS name="Farpoint BBS" ip="farpointbbs.com" port="23" protocol="TELNET" login="" password="" font="vga8x16.bmp" keyMap="ANSI" />
        <BBS name="Fatcats BBS" ip="fatcatsbbs.com" port="23" protocol="TELNET" login="" password="" font="vga8x16.bmp" keyMap="ANSI" />
        <BBS name="Fifth Dimension" ip="the5thd.synchro.net" port="23" protocol="TELNET" login="" password="" font="vga8x16.bmp" keyMap="ANSI" />
        <BBS name="Filewire" ip="71.246.247.49" port="23" protocol="TELNET" login="" password="" font="vga8x16.bmp" keyMap="ANSI" />
        <BBS name="Fireball Express BBS" ip="fireballex.com" port="23" protocol="TELNET" login="" password="" font="vga8x16.bmp" keyMap="ANSI" />
        <BBS name="Fireball Express VADV" ip="vadv.fireballex.com" port="23" protocol="TELNET" login="" password="" font="vga8x16.bmp" keyMap="ANSI" />
        <BBS name="Firefly BBS" ip="fireflybbs.com" port="23" protocol="TELNET" login="" password="" font="vga8x16.bmp" keyMap="ANSI" />
        <BBS name="First (1st) Choice Core" ip="1stchoicecore.co.nz" port="23" protocol="TELNET" login="" password="" font="vga8x16.bmp" keyMap="ANSI" />
        <BBS name="FlupH BBS" ip="fluph.zapto.org" port="23" protocol="TELNET" login="" password="" font="vga8x16.bmp" keyMap="ANSI" />
        <BBS name="Fluxpod Info Service" ip="fix.no" port="24" protocol="TELNET" login="" password="" font="vga8x16.bmp" keyMap="ANSI" />
        <BBS name="Forgotten BBS" ip="forgottenbbs.no-ip.org" port="666" protocol="TELNET" login="" password="" font="vga8x16.bmp" keyMap="ANSI" />
        <BBS name="Fox River Net" ip="foxriver.net" port="23" protocol="TELNET" login="" password="" font="vga8x16.bmp" keyMap="ANSI" />
        <BBS name="Galadin" ip="bbs.galadin.net" port="23" protocol="TELNET" login="" password="" font="vga8x16.bmp" keyMap="ANSI" />
        <BBS name="Game Place" ip="tleeonly.zapto.org" port="23" protocol="TELNET" login="" password="" font="vga8x16.bmp" keyMap="ANSI" />
        <BBS name="GameBanshee BBS" ip="gamebansheebbs.com" port="23" protocol="TELNET" login="" password="" font="vga8x16.bmp" keyMap="ANSI" />
        <BBS name="GameMaster's Realm" ip="gamemastersrealm.com" port="23" protocol="TELNET" login="" password="" font="vga8x16.bmp" keyMap="ANSI" />
        <BBS name="Gate BBS" ip="thegateb.synchro.net" port="23" protocol="TELNET" login="" password="" font="vga8x16.bmp" keyMap="ANSI" />
        <BBS name="Generation III POT-D" ip="geniv.dyndns.org" port="23" protocol="TELNET" login="" password="" font="vga8x16.bmp" keyMap="ANSI" />
        <BBS name="Guardian of Forever" ip="guardian.synchro.net" port="23" protocol="TELNET" login="" password="" font="vga8x16.bmp" keyMap="ANSI" />
        <BBS name="Haciend" ip="haciend.bbs.fi" port="23" protocol="TELNET" login="" password="" font="vga8x16.bmp" keyMap="ANSI" />
        <BBS name="Haibane BBS" ip="bbs.haibane.org" port="2323" protocol="TELNET" login="" password="" font="vga8x16.bmp" keyMap="ANSI" />
        <BBS name="Hard Drive Cafe" ip="hdcbbs.com" port="23" protocol="TELNET" login="" password="" font="vga8x16.bmp" keyMap="ANSI" />
        <BBS name="Hated Reality" ip="hatedreality.homeunix.net" port="23" protocol="TELNET" login="" password="" font="vga8x16.bmp" keyMap="ANSI" />
        <BBS name="Haunting The Chapel" ip="htc.zapto.org" port="23" protocol="TELNET" login="" password="" font="vga8x16.bmp" keyMap="ANSI" />
        <BBS name="Haxor's Palace" ip="telnet.unknownrealm.org" port="23" protocol="TELNET" login="" password="" font="vga8x16.bmp" keyMap="ANSI" />
        <BBS name="Heatwave BBS" ip="heatwavebbs.com" port="9640" protocol="TELNET" login="" password="" font="vga8x16.bmp" keyMap="ANSI" />
        <BBS name="Heavens Portal" ip="heavensportal.com" port="23" protocol="TELNET" login="" password="" font="vga8x16.bmp" keyMap="ANSI" />
        <BBS name="Hell BBS" ip="depths.hell.org" port="23" protocol="TELNET" login="" password="" font="vga8x16.bmp" keyMap="ANSI" />
        <BBS name="Henry County SKYWARN BBS" ip="kd8rev.net" port="23" protocol="TELNET" login="" password="" font="vga8x16.bmp" keyMap="ANSI" />
        <BBS name="Hidden Paradise BBS" ip="hpbbs.dyndns.org" port="23" protocol="TELNET" login="" password="" font="vga8x16.bmp" keyMap="ANSI" />
        <BBS name="HispaMSX BBS" ip="bbs.hispamsx.org" port="23" protocol="TELNET" login="" password="" font="vga8x16.bmp" keyMap="ANSI" />
        <BBS name="Holodeck BBS" ip="www.holodeckbbs.com" port="23" protocol="TELNET" login="" password="" font="vga8x16.bmp" keyMap="ANSI" />
        <BBS name="Horizon BBS" ip="bbs.thehorizonbbs.com" port="23" protocol="TELNET" login="" password="" font="vga8x16.bmp" keyMap="ANSI" />
        <BBS name="Illusions BBS" ip="arena7.sytes.net" port="23" protocol="TELNET" login="" password="" font="vga8x16.bmp" keyMap="ANSI" />
        <BBS name="Immortal's Domain" ip="immortalsdomain.com" port="23" protocol="TELNET" login="" password="" font="vga8x16.bmp" keyMap="ANSI" />
        <BBS name="Inara BBS" ip="bbs.inarabbs.com" port="23" protocol="TELNET" login="" password="" font="vga8x16.bmp" keyMap="ANSI" />
        <BBS name="Iowa Student Assc. BBS (ISCA)" ip="bbs.iscabbs.com" port="23" protocol="TELNET" login="" password="" font="vga8x16.bmp" keyMap="ANSI" />
        <BBS name="ISIS Unveiled" ip="isisunveiled.no-ip.org" port="23" protocol="TELNET" login="" password="" font="vga8x16.bmp" keyMap="ANSI" />
        <BBS name="ITC" ip="itcbbs.ddns.net" port="23" protocol="TELNET" login="" password="" font="vga8x16.bmp" keyMap="ANSI" />
        <BBS name="Ivy Hill BBS" ip="ivyhill.homeip.net" port="2323" protocol="TELNET" login="" password="" font="vga8x16.bmp" keyMap="ANSI" />
        <BBS name="Jamming Signal" ip="bbs.jammingsignal.com" port="23" protocol="TELNET" login="" password="" font="vga8x16.bmp" keyMap="ANSI" />
        <BBS name="Jay's Café" ip="jayscafe.jayctheriot.com" port="23" protocol="TELNET" login="" password="" font="vga8x16.bmp" keyMap="ANSI" />
        <BBS name="JumpStart BBS" ip="www.exciter.ws" port="23" protocol="TELNET" login="" password="" font="vga8x16.bmp" keyMap="ANSI" />
        <BBS name="Jungle BBS" ip="junglebbs.com" port="23" protocol="TELNET" login="" password="" font="vga8x16.bmp" keyMap="ANSI" />
        <BBS name="KD3net" ip="bbs.kd3.us" port="23" protocol="TELNET" login="" password="" font="vga8x16.bmp" keyMap="ANSI" />
        <BBS name="Keep BBS" ip="thekeep.net" port="23" protocol="TELNET" login="" password="" font="vga8x16.bmp" keyMap="ANSI" />
        <BBS name="Killed In Action" ip="kiabbs.org" port="23" protocol="TELNET" login="" password="" font="vga8x16.bmp" keyMap="ANSI" />
        <BBS name="Killing Ground" ip="bbs.zeusdev.co.uk" port="23" protocol="TELNET" login="" password="" font="vga8x16.bmp" keyMap="ANSI" />
        <BBS name="KOFO BBS" ip="fido.kofobbs.dk" port="23" protocol="TELNET" login="" password="" font="vga8x16.bmp" keyMap="ANSI" />
        <BBS name="L & M Computer Group BBS" ip="pcrepair.ddns.net" port="23" protocol="TELNET" login="" password="" font="vga8x16.bmp" keyMap="ANSI" />
        <BBS name="Lee Magazine" ip="bbs.leemagazine.net" port="23" protocol="TELNET" login="" password="" font="vga8x16.bmp" keyMap="ANSI" />
        <BBS name="Legends of Yesteryear" ip="loybbs.net" port="23" protocol="TELNET" login="" password="" font="vga8x16.bmp" keyMap="ANSI" />
        <BBS name="Liane BBS" ip="bbs.vslib.cz" port="23" protocol="TELNET" login="" password="" font="vga8x16.bmp" keyMap="ANSI" />
        <BBS name="Lion's Den" ip="lionsden.darktech.org" port="23" protocol="TELNET" login="" password="" font="vga8x16.bmp" keyMap="ANSI" />
        <BBS name="Liquid Digital" ip="liquiddigital.us" port="23" protocol="TELNET" login="" password="" font="vga8x16.bmp" keyMap="ANSI" />
        <BBS name="Local Yocal" ip="localyocalbbs.com" port="23" protocol="TELNET" login="" password="" font="vga8x16.bmp" keyMap="ANSI" />
        <BBS name="Loki's Den BBS" ip="lokisdenbbs.com" port="23" protocol="TELNET" login="" password="" font="vga8x16.bmp" keyMap="ANSI" />
        <BBS name="Lord.stabs.org" ip="lord.stabs.org" port="23" protocol="TELNET" login="" password="" font="vga8x16.bmp" keyMap="ANSI" />
        <BBS name="Lost Chord BBS" ip="tlcbbs.synchro.net" port="6023" protocol="TELNET" login="" password="" font="vga8x16.bmp" keyMap="ANSI" />
        <BBS name="Lost Realm BBS" ip="bbs.lost-realm.net" port="23" protocol="TELNET" login="" password="" font="vga8x16.bmp" keyMap="ANSI" />
        <BBS name="Lostways BBS" ip="lostwaysbbs.mooo.com" port="23" protocol="TELNET" login="" password="" font="vga8x16.bmp" keyMap="ANSI" />
        <BBS name="Luddite's Cave" ip="ld8.org" port="27" protocol="TELNET" login="" password="" font="vga8x16.bmp" keyMap="ANSI" />
        <BBS name="Lunatic Phringe" ip="gtalk.phringe.org" port="23" protocol="TELNET" login="" password="" font="vga8x16.bmp" keyMap="ANSI" />
        <BBS name="M-Net" ip="m-net.arbornet.org" port="23" protocol="TELNET" login="" password="" font="vga8x16.bmp" keyMap="ANSI" />
        <BBS name="Madison PC Users Group (MPCUG)" ip="66.188.120.2" port="23" protocol="TELNET" login="" password="" font="vga8x16.bmp" keyMap="ANSI" />
        <BBS name="MadWorld BBS" ip="madworld.bounceme.net" port="6400" protocol="TELNET" login="" password="" font="vga8x16.bmp" keyMap="ANSI" />
        <BBS name="Metal Zone" ip="tmzbbs01.synchro.net" port="23" protocol="TELNET" login="" password="" font="vga8x16.bmp" keyMap="ANSI" />
        <BBS name="Metallic Dreams" ip="bbs.metallic-dreams.com" port="23" protocol="TELNET" login="" password="" font="vga8x16.bmp" keyMap="ANSI" />
        <BBS name="Miami Vice" ip="mvbbs.dyndns.org" port="6401" protocol="TELNET" login="" password="" font="vga8x16.bmp" keyMap="ANSI" />
        <BBS name="Ministry of Silly MUDS (1)" ip="ministrybbs.com" port="23" protocol="TELNET" login="" password="" font="vga8x16.bmp" keyMap="ANSI" />
        <BBS name="Ministry of Silly MUDS (2)" ip="ministrybbs.com" port="2323" protocol="TELNET" login="" password="" font="vga8x16.bmp" keyMap="ANSI" />
        <BBS name="Miskatonic BBS" ip="rasppi.servebbs.org" port="23" protocol="TELNET" login="" password="" font="vga8x16.bmp" keyMap="ANSI" />
        <BBS name="Missing Links" ip="mlinks.com" port="23" protocol="TELNET" login="" password="" font="vga8x16.bmp" keyMap="ANSI" />
        <BBS name="MMN (1)" ip="bbs.mmn.on.ca" port="23" protocol="TELNET" login="" password="" font="vga8x16.bmp" keyMap="ANSI" />
        <BBS name="MMN (2)" ip="link.telnet.site" port="23" protocol="TELNET" login="" password="" font="vga8x16.bmp" keyMap="ANSI" />
        <BBS name="Mojo's World BBS" ip="mojo.synchro.net" port="23" protocol="TELNET" login="" password="" font="vga8x16.bmp" keyMap="ANSI" />
        <BBS name="Momia BBS" ip="momiabbs.no-ip.info" port="23" protocol="TELNET" login="" password="" font="vga8x16.bmp" keyMap="ANSI" />
        <BBS name="Monochrome" ip="mono.org" port="23" protocol="TELNET" login="" password="" font="vga8x16.bmp" keyMap="ANSI" />
        <BBS name="Moon Base Alpha" ip="mba.dnsalias.com" port="23" protocol="TELNET" login="" password="" font="vga8x16.bmp" keyMap="ANSI" />
        <BBS name="Mozy's Swamp & Red Dwarf BBS" ip="bbs.mozysswamp.org" port="23" protocol="TELNET" login="" password="" font="vga8x16.bmp" keyMap="ANSI" />
        <BBS name="MSmac BBS" ip="msmacbbs.com" port="23" protocol="TELNET" login="" password="" font="vga8x16.bmp" keyMap="ANSI" />
        <BBS name="MtlGeek" ip="mtlgeek.synchro.net" port="23" protocol="TELNET" login="" password="" font="vga8x16.bmp" keyMap="ANSI" />
        <BBS name="Mudders, Inc." ip="muddersinc.doomdns.com" port="23" protocol="TELNET" login="" password="" font="vga8x16.bmp" keyMap="ANSI" />
        <BBS name="Music Station" ip="musicstation.bsrealm.net" port="5223" protocol="TELNET" login="" password="" font="vga8x16.bmp" keyMap="ANSI" />
        <BBS name="My C=ult BBS" ip="maraud.dynalias.com" port="6400" protocol="TELNET" login="" password="" font="vga8x16.bmp" keyMap="ANSI" />
        <BBS name="Mysteria Majicka BBS" ip="majicka.at2k.org" port="23" protocol="TELNET" login="" password="" font="vga8x16.bmp" keyMap="ANSI" />
        <BBS name="Mystic Dreams" ip="mysticdreams.dyndns.org" port="24" protocol="TELNET" login="" password="" font="vga8x16.bmp" keyMap="ANSI" />
        <BBS name="Mystic PI BBS" ip="bcw142.zapto.org" port="23" protocol="TELNET" login="" password="" font="vga8x16.bmp" keyMap="ANSI" />
        <BBS name="Mystic Prison Board BBS" ip="pb.darktech.org" port="24" protocol="TELNET" login="" password="" font="vga8x16.bmp" keyMap="ANSI" />
        <BBS name="Mythology" ip="mythology.darktech.org" port="23" protocol="TELNET" login="" password="" font="vga8x16.bmp" keyMap="ANSI" />
        <BBS name="Necronomicon BBS" ip="necrobbs.strangled.net" port="23" protocol="TELNET" login="" password="" font="vga8x16.bmp" keyMap="ANSI" />
        <BBS name="Ner BBS" ip="nerbbs.com" port="23" protocol="TELNET" login="" password="" font="vga8x16.bmp" keyMap="ANSI" />
        <BBS name="Netvillage" ip="netvillage.com" port="23" protocol="TELNET" login="" password="" font="vga8x16.bmp" keyMap="ANSI" />
        <BBS name="Network 23" ip="network23.ch" port="23" protocol="TELNET" login="" password="" font="vga8x16.bmp" keyMap="ANSI" />
        <BBS name="Never Never Land" ip="nnl.darktech.org" port="23" protocol="TELNET" login="" password="" font="vga8x16.bmp" keyMap="ANSI" />
        <BBS name="Nexus BBS" ip="bbs.thenexusbbs.com" port="23" protocol="TELNET" login="" password="" font="vga8x16.bmp" keyMap="ANSI" />
        <BBS name="Ninteen Eighty-Four" ip="1984.ws" port="23" protocol="TELNET" login="" password="" font="vga8x16.bmp" keyMap="ANSI" />
        <BBS name="Nola Carrier" ip="nolacarrier.com" port="504" protocol="TELNET" login="" password="" font="vga8x16.bmp" keyMap="ANSI" />
        <BBS name="Norbert BBS" ip="norbertbbs.org" port="23" protocol="TELNET" login="" password="" font="vga8x16.bmp" keyMap="ANSI" />
        <BBS name="Nostromo" ip="62.49.23.243" port="23" protocol="TELNET" login="" password="" font="vga8x16.bmp" keyMap="ANSI" />
        <BBS name="OFN Message Gateway" ip="tek1systems.com" port="23" protocol="TELNET" login="" password="" font="vga8x16.bmp" keyMap="ANSI" />
        <BBS name="Old Time's Sake BBS" ip="konchoulias.no-ip.org" port="23" protocol="TELNET" login="" password="" font="vga8x16.bmp" keyMap="ANSI" />
        <BBS name="Onix BBS" ip="onixbbs.servebbs.com" port="23" protocol="TELNET" login="" password="" font="vga8x16.bmp" keyMap="ANSI" />
        <BBS name="Orbit BBS" ip="orbitbbs.ddns.net" port="23" protocol="TELNET" login="" password="" font="vga8x16.bmp" keyMap="ANSI" />
        <BBS name="OS/2 Qemu" ip="bbs.superglobalmegacorp.com" port="23" protocol="TELNET" login="" password="" font="vga8x16.bmp" keyMap="ANSI" />
        <BBS name="Ottawa PC Users Group (PUB II)" ip="opcug.ca" port="23" protocol="TELNET" login="" password="" font="vga8x16.bmp" keyMap="ANSI" />
        <BBS name="Outer Limits (Alpha Site)" ip="limits.darktech.org" port="23" protocol="TELNET" login="" password="" font="vga8x16.bmp" keyMap="ANSI" />
        <BBS name="Outer Limits (Beta Site)" ip="limits2.darktech.org" port="2323" protocol="TELNET" login="" password="" font="vga8x16.bmp" keyMap="ANSI" />
        <BBS name="Outer Limits (Delta Site)" ip="limits4.darktech.org" port="2525" protocol="TELNET" login="" password="" font="vga8x16.bmp" keyMap="ANSI" />
        <BBS name="Outpost BBS" ip="bbs.outpostbbs.net" port="23" protocol="TELNET" login="" password="" font="vga8x16.bmp" keyMap="ANSI" />
        <BBS name="Outwest BBS" ip="outwestbbs.com" port="23" protocol="TELNET" login="" password="" font="vga8x16.bmp" keyMap="ANSI" />
        <BBS name="Owl Server" ip="bbs.owlserver.de" port="23" protocol="TELNET" login="" password="" font="vga8x16.bmp" keyMap="ANSI" />
        <BBS name="Oxford Mills Remote" ip="oxfordmi.synchro.net" port="23" protocol="TELNET" login="" password="" font="vga8x16.bmp" keyMap="ANSI" />
        <BBS name="Particles! BBS" ip="particlesbbs.dyndns.org" port="6400" protocol="TELNET" login="" password="" font="vga8x16.bmp" keyMap="ANSI" />
        <BBS name="PBNET BBS" ip="pufa.pbnet.ro" port="23" protocol="TELNET" login="" password="" font="vga8x16.bmp" keyMap="ANSI" />
        <BBS name="Penalty Box" ip="pbox.no-ip.org" port="23" protocol="TELNET" login="" password="" font="vga8x16.bmp" keyMap="ANSI" />
        <BBS name="Pendulus" ip="mud.pendulus.org" port="1536" protocol="TELNET" login="" password="" font="vga8x16.bmp" keyMap="ANSI" />
        <BBS name="Pepzi BBS" ip="pepzi.eu" port="23" protocol="TELNET" login="" password="" font="vga8x16.bmp" keyMap="ANSI" />
        <BBS name="Pharcyde" ip="bbs.pharcyde.org" port="23" protocol="TELNET" login="" password="" font="vga8x16.bmp" keyMap="ANSI" />
        <BBS name="Phunc BBS" ip="bbs.phunc.com" port="23" protocol="TELNET" login="" password="" font="vga8x16.bmp" keyMap="ANSI" />
        <BBS name="Positronium Repository (1)" ip="cmech.dynip.com" port="23" protocol="TELNET" login="" password="" font="vga8x16.bmp" keyMap="ANSI" />
        <BBS name="Prism BBS" ip="filegate.net" port="23" protocol="TELNET" login="" password="" font="vga8x16.bmp" keyMap="ANSI" />
        <BBS name="Prison Board" ip="rdfig.net" port="23" protocol="TELNET" login="" password="" font="vga8x16.bmp" keyMap="ANSI" />
        <BBS name="PTT Bulletin Board System #1" ip="ptt.cc" port="23" protocol="TELNET" login="" password="" font="vga8x16.bmp" keyMap="ANSI" />
        <BBS name="PTT Bulletin Board System #2" ip="ptt2.cc" port="23" protocol="TELNET" login="" password="" font="vga8x16.bmp" keyMap="ANSI" />
        <BBS name="PTT Bulletin Board System #3" ip="ptt3.cc" port="23" protocol="TELNET" login="" password="" font="vga8x16.bmp" keyMap="ANSI" />
        <BBS name="PureMUD BBS" ip="puremud.crabdance.com" port="9999" protocol="TELNET" login="" password="" font="vga8x16.bmp" keyMap="ANSI" />
        <BBS name="Pursuit of Happiness" ip="www.pcpursuits.com" port="23" protocol="TELNET" login="" password="" font="vga8x16.bmp" keyMap="ANSI" />
        <BBS name="Pyffle HQ" ip="hq.pyffle.com" port="23" protocol="TELNET" login="" password="" font="vga8x16.bmp" keyMap="ANSI" />
        <BBS name="Quazar BBS" ip="quazarbbs.dtdns.net" port="23" protocol="TELNET" login="" password="" font="vga8x16.bmp" keyMap="ANSI" />
        <BBS name="Quicksilver BBS" ip="quicksilverbbs.com" port="23" protocol="TELNET" login="" password="" font="vga8x16.bmp" keyMap="ANSI" />
        <BBS name="Radin Mail Service" ip="randin.org" port="23" protocol="TELNET" login="" password="" font="vga8x16.bmp" keyMap="ANSI" />
        <BBS name="RBB Systems Int'l" ip="rbb.bbs.fi" port="32" protocol="TELNET" login="" password="" font="vga8x16.bmp" keyMap="ANSI" />
        <BBS name="RealityBytes BBS" ip="the3beers.com" port="23" protocol="TELNET" login="" password="" font="vga8x16.bmp" keyMap="ANSI" />
        <BBS name="Realitycheck BBS" ip="realitycheckbbs.org" port="23" protocol="TELNET" login="" password="" font="vga8x16.bmp" keyMap="ANSI" />
        <BBS name="Realm of Darkness" ip="bbs.trod.org" port="23" protocol="TELNET" login="" password="" font="vga8x16.bmp" keyMap="ANSI" />
        <BBS name="Retro Archive" ip="bbs.retroarchive.org" port="23" protocol="TELNET" login="" password="" font="vga8x16.bmp" keyMap="ANSI" />
        <BBS name="RetroDigital BBS" ip="bbs.rdnetbbs.com" port="23" protocol="TELNET" login="" password="" font="vga8x16.bmp" keyMap="ANSI" />
        <BBS name="Riktronics BBS" ip="rkbbs.net" port="23" protocol="TELNET" login="" password="" font="vga8x16.bmp" keyMap="ANSI" />
        <BBS name="RMAC Diversi-Dial Station #34" ip="rmac.d-dial.com" port="23" protocol="TELNET" login="" password="" font="vga8x16.bmp" keyMap="ANSI" />
        <BBS name="Rob's Place BBS" ip="robsbbs.mooo.com" port="23" protocol="TELNET" login="" password="" font="vga8x16.bmp" keyMap="ANSI" />
        <BBS name="Rockville Tavern" ip="bbs.rockvilletavern.com" port="23" protocol="TELNET" login="" password="" font="vga8x16.bmp" keyMap="ANSI" />
        <BBS name="ROMulus BBS" ip="romulusbbs.com" port="23" protocol="TELNET" login="" password="" font="vga8x16.bmp" keyMap="ANSI" />
        <BBS name="Roughneck BBS" ip="shell.roughneckbbs.com" port="23" protocol="TELNET" login="" password="" font="vga8x16.bmp" keyMap="ANSI" />
        <BBS name="Sanctum II BBS" ip="telnet.sanctumbbs.com" port="23" protocol="TELNET" login="" password="" font="vga8x16.bmp" keyMap="ANSI" />
        <BBS name="Sands of Time" ip="textmmode.com" port="23" protocol="TELNET" login="" password="" font="vga8x16.bmp" keyMap="ANSI" />
        <BBS name="Santronics Software" ip="online.winserver.com" port="23" protocol="TELNET" login="" password="" font="vga8x16.bmp" keyMap="ANSI" />
        <BBS name="Saturn V BBS" ip="saturnvbbs.canismajornetworks.com" port="23" protocol="TELNET" login="" password="" font="vga8x16.bmp" keyMap="ANSI" />
        <BBS name="SciFi Surfer's Hangout" ip="rift.duckdns.org" port="23" protocol="TELNET" login="" password="" font="vga8x16.bmp" keyMap="ANSI" />
        <BBS name="Scorp's Portal" ip="scorp.us.to" port="23" protocol="TELNET" login="" password="" font="vga8x16.bmp" keyMap="ANSI" />
        <BBS name="Seattle Community Network" ip="scn.org" port="23" protocol="TELNET" login="" password="" font="vga8x16.bmp" keyMap="ANSI" />
        <BBS name="Section One BBS" ip="sectiononebbs.com" port="23" protocol="TELNET" login="" password="" font="vga8x16.bmp" keyMap="ANSI" />
        <BBS name="Seventy-Nine (79) Columns" ip="oddnetwork.org" port="23" protocol="TELNET" login="" password="" font="vga8x16.bmp" keyMap="ANSI" />
        <BBS name="Shadowscope" ip="bbs.shadowscope.com" port="23" protocol="TELNET" login="" password="" font="vga8x16.bmp" keyMap="ANSI" />
        <BBS name="Shenk's Express" ip="shenks.synchro.net" port="23" protocol="TELNET" login="" password="" font="vga8x16.bmp" keyMap="ANSI" />
        <BBS name="Shodan's Core" ip="shodan.synchro.net" port="23" protocol="TELNET" login="" password="" font="vga8x16.bmp" keyMap="ANSI" />
        <BBS name="Silicon Underground" ip="siliconu.synchro.net" port="23" protocol="TELNET" login="" password="" font="vga8x16.bmp" keyMap="ANSI" />
        <BBS name="SilverHawk BBS" ip="silverhawk.me" port="23" protocol="TELNET" login="" password="" font="vga8x16.bmp" keyMap="ANSI" />
        <BBS name="Sinner's Haven II" ip="bbs.sinnershaven.com" port="23" protocol="TELNET" login="" password="" font="vga8x16.bmp" keyMap="ANSI" />
        <BBS name="Sixty-Four Vintage BBS" ip="64vintageremixbbs.dyndns.org" port="6400" protocol="TELNET" login="" password="" font="vga8x16.bmp" keyMap="ANSI" />
        <BBS name="Skylab V BBS" ip="108.237.90.216" port="23" protocol="TELNET" login="" password="" font="vga8x16.bmp" keyMap="ANSI" />
        <BBS name="Slumberland" ip="bbs.slumberland.org" port="23" protocol="TELNET" login="" password="" font="vga8x16.bmp" keyMap="ANSI" />
        <BBS name="Southeast Texas BBS" ip="setxchat.net" port="23" protocol="TELNET" login="" password="" font="vga8x16.bmp" keyMap="ANSI" />
        <BBS name="Space Odyssey" ip="bbs.sobbs.org" port="23" protocol="TELNET" login="" password="" font="vga8x16.bmp" keyMap="ANSI" />
        <BBS name="SpaceSST BBS" ip="mccarragher.org" port="23" protocol="TELNET" login="" password="" font="vga8x16.bmp" keyMap="ANSI" />
        <BBS name="Starbase 21" ip="bbs.starbase21.net" port="23" protocol="TELNET" login="" password="" font="vga8x16.bmp" keyMap="ANSI" />
        <BBS name="Stormies BBS" ip="stormie.synchro.net" port="23" protocol="TELNET" login="" password="" font="vga8x16.bmp" keyMap="ANSI" />
        <BBS name="Super Dimension Fortress (SDF-1)" ip="sdf.lonestar.org" port="23" protocol="TELNET" login="" password="" font="vga8x16.bmp" keyMap="ANSI" />
        <BBS name="Surf Shop BBS" ip="surfshopbbs.zapto.org" port="2300" protocol="TELNET" login="" password="" font="vga8x16.bmp" keyMap="ANSI" />
        <BBS name="Sursum Corda! BBS" ip="bbs.sursum-corda.com" port="23" protocol="TELNET" login="" password="" font="vga8x16.bmp" keyMap="ANSI" />
        <BBS name="Swords of Chaos FOREVER! BBS" ip="bbs.soc4ever.com" port="23" protocol="TELNET" login="" password="" font="vga8x16.bmp" keyMap="ANSI" />
        <BBS name="Synchronix" ip="freebsd.synchro.net" port="23" protocol="TELNET" login="" password="" font="vga8x16.bmp" keyMap="ANSI" />
        <BBS name="Syrinx BBS" ip="syrinxbbs.ddns.net" port="23" protocol="TELNET" login="" password="" font="vga8x16.bmp" keyMap="ANSI" />
        <BBS name="Techware" ip="bbs.techware2k.com" port="23" protocol="TELNET" login="" password="" font="vga8x16.bmp" keyMap="ANSI" />
        <BBS name="Telehack" ip="telehack.com" port="23" protocol="TELNET" login="" password="" font="vga8x16.bmp" keyMap="ANSI" />
        <BBS name="Tempest Fury BBS" ip="tempestfury.d2g.com" port="23" protocol="TELNET" login="" password="" font="vga8x16.bmp" keyMap="ANSI" />
        <BBS name="Temple of Doom" ip="tod.eothnet.com" port="23" protocol="TELNET" login="" password="" font="vga8x16.bmp" keyMap="ANSI" />
        <BBS name="TequilaMockingbird Online" ip="tequilamockingbirdonline.net" port="23" protocol="TELNET" login="" password="" font="vga8x16.bmp" keyMap="ANSI" />
        <BBS name="The Board" ip="theboard.synchro.net" port="23" protocol="TELNET" login="" password="" font="vga8x16.bmp" keyMap="ANSI" />
        <BBS name="Throwback BBS" ip="bbs.throwbackbbs.com" port="23" protocol="TELNET" login="" password="" font="vga8x16.bmp" keyMap="ANSI" />
        <BBS name="Thunderbolt BBS" ip="wx1der.dyndns.org" port="23" protocol="TELNET" login="" password="" font="vga8x16.bmp" keyMap="ANSI" />
        <BBS name="Time Warp of the Future BBS" ip="time.synchro.net" port="24" protocol="TELNET" login="" password="" font="vga8x16.bmp" keyMap="ANSI" />
        <BBS name="Tinfoil Tetrahedron" ip="tinfoil.synchro.net" port="23" protocol="TELNET" login="" password="" font="vga8x16.bmp" keyMap="ANSI" />
        <BBS name="Tiny's BBS" ip="tinysbbs.com" port="23" protocol="TELNET" login="" password="" font="vga8x16.bmp" keyMap="ANSI" />
        <BBS name="Titan at Redhill" ip="redhill.net.nz" port="23" protocol="TELNET" login="" password="" font="vga8x16.bmp" keyMap="ANSI" />
        <BBS name="Tommy's Holiday Camp" ip="vintage.thcbbs.com" port="23" protocol="TELNET" login="" password="" font="vga8x16.bmp" keyMap="ANSI" />
        <BBS name="Top's Diamond Mine" ip="bbs.tdmonline.org" port="23" protocol="TELNET" login="" password="" font="vga8x16.bmp" keyMap="ANSI" />
        <BBS name="Tornado Electronic Communications System" ip="bbs.tecs.de" port="23" protocol="TELNET" login="" password="" font="vga8x16.bmp" keyMap="ANSI" />
        <BBS name="Toronto Freenet" ip="torfree.net" port="23" protocol="TELNET" login="" password="" font="vga8x16.bmp" keyMap="ANSI" />
        <BBS name="Tower of High Sorcery" ip="tohs.homedns.org" port="23" protocol="TELNET" login="" password="" font="vga8x16.bmp" keyMap="ANSI" />
        <BBS name="Toxic Laboratory" ip="toxicbbs.com" port="23" protocol="TELNET" login="" password="" font="vga8x16.bmp" keyMap="ANSI" />
        <BBS name="Trashcan BBS" ip="bbs.thenet.gen.nz" port="2323" protocol="TELNET" login="" password="" font="vga8x16.bmp" keyMap="ANSI" />
        <BBS name="Twinkle BBS" ip="tbbs.homeip.net" port="23" protocol="TELNET" login="" password="" font="vga8x16.bmp" keyMap="ANSI" />
        <BBS name="Twist of Fate" ip="bbs.chernobylnetworks.ru" port="23" protocol="TELNET" login="" password="" font="vga8x16.bmp" keyMap="ANSI" />
        <BBS name="Uncensored!" ip="uncensored.citadel.org" port="23" protocol="TELNET" login="" password="" font="vga8x16.bmp" keyMap="ANSI" />
        <BBS name="Undermine" ip="undermine.ddns.net" port="23" protocol="TELNET" login="" password="" font="vga8x16.bmp" keyMap="ANSI" />
        <BBS name="US 99 BBS" ip="bbs.quinnnet.org" port="23" protocol="TELNET" login="" password="" font="vga8x16.bmp" keyMap="ANSI" />
        <BBS name="Valhalla Home Services" ip="valhalla.synchro.net" port="23" protocol="TELNET" login="" password="" font="vga8x16.bmp" keyMap="ANSI" />
        <BBS name="Valhalla Home Services II" ip="valhalla.synchro.net" port="2323" protocol="TELNET" login="" password="" font="vga8x16.bmp" keyMap="ANSI" />
        <BBS name="Vertrauen" ip="vert.synchro.net" port="23" protocol="TELNET" login="" password="" font="vga8x16.bmp" keyMap="ANSI" />
        <BBS name="Voodoo BBS" ip="bbs.magickabbs.com" port="2023" protocol="TELNET" login="" password="" font="vga8x16.bmp" keyMap="ANSI" />
        <BBS name="Vortex BBS" ip="vortexbbs.com" port="23" protocol="TELNET" login="" password="" font="vga8x16.bmp" keyMap="ANSI" />
        <BBS name="WABAC Machine BBS" ip="wabac.ccsnet.com" port="23" protocol="TELNET" login="" password="" font="vga8x16.bmp" keyMap="ANSI" />
        <BBS name="WABUSA" ip="bbs.wabusa.com" port="23" protocol="TELNET" login="" password="" font="vga8x16.bmp" keyMap="ANSI" />
        <BBS name="Waldo's Place USA" ip="ftn.wpusa.dynip.com" port="23" protocol="TELNET" login="" password="" font="vga8x16.bmp" keyMap="ANSI" />
        <BBS name="Wall BBS" ip="thewallbbs.com" port="23" protocol="TELNET" login="" password="" font="vga8x16.bmp" keyMap="ANSI" />
        <BBS name="Wastelands BBS" ip="wastelands-bbs.net" port="23" protocol="TELNET" login="" password="" font="vga8x16.bmp" keyMap="ANSI" />
        <BBS name="Weather Station BBS" ip="bbs.weather-station.org" port="23" protocol="TELNET" login="" password="" font="vga8x16.bmp" keyMap="ANSI" />
        <BBS name="Whisky Lover's Amateur Radio BBS" ip="wd1cks.org" port="23" protocol="TELNET" login="" password="" font="vga8x16.bmp" keyMap="ANSI" />
        <BBS name="Wildcat's Castle BBS" ip="bbs.wildcatcastle.com" port="23" protocol="TELNET" login="" password="" font="vga8x16.bmp" keyMap="ANSI" />
        <BBS name="Wintermute BBS" ip="wintermute.bbsindex.com" port="23" protocol="TELNET" login="" password="" font="vga8x16.bmp" keyMap="ANSI" />
        <BBS name="Witch's Den" ip="bbs.thewitchsden.net" port="23" protocol="TELNET" login="" password="" font="vga8x16.bmp" keyMap="ANSI" />
        <BBS name="Wolfpac BBS" ip="wolfpacbbs.no-ip.ca" port="66" protocol="TELNET" login="" password="" font="vga8x16.bmp" keyMap="ANSI" />
        <BBS name="Xanadu" ip="xanadubbs.ca" port="23" protocol="TELNET" login="" password="" font="vga8x16.bmp" keyMap="ANSI" />
        <BBS name="Xibalba" ip="xibalba.l33t.codes" port="44510" protocol="TELNET" login="" password="" font="vga8x16.bmp" keyMap="ANSI" />
        <BBS name="YYZ BBS" ip="yyzbbs.no-ip.org" port="65" protocol="TELNET" login="" password="" font="vga8x16.bmp" keyMap="ANSI" />
        <BBS name="ZZap BBS" ip="bbs.zzap.org" port="23" protocol="TELNET" login="" password="" font="vga8x16.bmp" keyMap="ANSI" />
    </Phonebook>
</EtherTerm>
