<?xml version="1.0" ?>
<EtherTerm>
    <Phonebook version="1.0">
        <BBS name="A 90's Manila BBS" ip="a90smanilabbs.ddns.net" port="23" protocol="TELNET" login="" password="" font="vga8x16.bmp" keyMap="ANSI" />
        <BBS name="A Missing Chromosome" ip="marabbs.no-ip.org" port="23" protocol="TELNET" login="" password="" font="vga8x16.bmp" keyMap="ANSI" />
        <BBS name="Abaddon's Palace BBS" ip="bbs.vchapman.info" port="1023" protocol="TELNET" login="" password="" font="vga8x16.bmp" keyMap="ANSI" />
        <BBS name="Adept BBS" ip="adeptbbs.com" port="23" protocol="TELNET" login="" password="" font="vga8x16.bmp" keyMap="ANSI" />
        <BBS name="Age of Reason BBS" ip="bbs.retroarchive.org" port="2300" protocol="TELNET" login="" password="" font="vga8x16.bmp" keyMap="ANSI" />
        <BBS name="Agency BBS" ip="agency.bbs.geek.nz" port="23" protocol="TELNET" login="" password="" font="vga8x16.bmp" keyMap="ANSI" />
        <BBS name="Alcoholiday BBS" ip="alco.bbs.io" port="23" protocol="TELNET" login="" password="" font="vga8x16.bmp" keyMap="ANSI" />
        <BBS name="Aleco Experience BBS" ip="bbs.alecoexp.cz" port="23" protocol="TELNET" login="" password="" font="vga8x16.bmp" keyMap="ANSI" />
        <BBS name="Alpha Centauri BBS (1)" ip="acentauribbs.no-ip.org" port="23" protocol="TELNET" login="" password="" font="vga8x16.bmp" keyMap="ANSI" />
        <BBS name="Alpha Centauri BBS (2)" ip="acentauribbs.no-ip.org" port="2002" protocol="TELNET" login="" password="" font="vga8x16.bmp" keyMap="ANSI" />
        <BBS name="Altiworld BBS" ip="bbs.altiworld.com" port="513" protocol="TELNET" login="" password="" font="vga8x16.bmp" keyMap="ANSI" />
        <BBS name="Analog Waffle" ip="waffle.c4bmore.com" port="2001" protocol="TELNET" login="" password="" font="vga8x16.bmp" keyMap="ANSI" />
        <BBS name="AnonBBS" ip="anonbbs.org" port="1337" protocol="TELNET" login="" password="" font="vga8x16.bmp" keyMap="ANSI" />
        <BBS name="Another F-ing BBS" ip="anotherbbs.bbsindex.com" port="23" protocol="TELNET" login="" password="" font="vga8x16.bmp" keyMap="ANSI" />
        <BBS name="Arcade" ip="thearcade.darktech.org" port="23" protocol="TELNET" login="" password="" font="vga8x16.bmp" keyMap="ANSI" />
        <BBS name="Arcade BBS" ip="arcade.demon.co.uk" port="23" protocol="TELNET" login="" password="" font="vga8x16.bmp" keyMap="ANSI" />
        <BBS name="Archaic Binary" ip="ssl.archaicbinary.net" port="23" protocol="TELNET" login="" password="" font="vga8x16.bmp" keyMap="ANSI" />
        <BBS name="Asirta.com" ip="asirta.com" port="23" protocol="TELNET" login="" password="" font="vga8x16.bmp" keyMap="ANSI" />
        <BBS name="AT2K Design BBS" ip="bbs.at2k.org" port="23" protocol="TELNET" login="" password="" font="vga8x16.bmp" keyMap="ANSI" />
        <BBS name="B4BBS" ip="b4bbs.sampsa.com" port="23" protocol="TELNET" login="" password="" font="vga8x16.bmp" keyMap="ANSI" />
        <BBS name="Back 40" ip="back40.asbs.us" port="23" protocol="TELNET" login="" password="" font="vga8x16.bmp" keyMap="ANSI" />
        <BBS name="Backwood Realm BBS" ip="bwrbbs.ddns.net" port="23" protocol="TELNET" login="" password="" font="vga8x16.bmp" keyMap="ANSI" />
        <BBS name="Basement Theory" ip="basement.synchro.net" port="23" protocol="TELNET" login="" password="" font="vga8x16.bmp" keyMap="ANSI" />
        <BBS name="Battlestar BBS" ip="battlestarbbs.dyndns.org" port="23" protocol="TELNET" login="" password="" font="vga8x16.bmp" keyMap="ANSI" />
        <BBS name="bbs.mm2.se" ip="bbs.mm2.se" port="510" protocol="TELNET" login="" password="" font="vga8x16.bmp" keyMap="ANSI" />
        <BBS name="BCG-Box" ip="bbbs.net" port="23" protocol="TELNET" login="" password="" font="vga8x16.bmp" keyMap="ANSI" />
        <BBS name="BCR Games Server" ip="bcrgames.com" port="31337" protocol="TELNET" login="" password="" font="vga8x16.bmp" keyMap="ANSI" />
        <BBS name="Bear's Den" ip="bbs.bearfather.net" port="23" protocol="TELNET" login="" password="" font="vga8x16.bmp" keyMap="ANSI" />
        <BBS name="Beavis & Butt-Head BBS" ip="butthead.ddns.net" port="23" protocol="TELNET" login="" password="" font="vga8x16.bmp" keyMap="ANSI" />
        <BBS name="Bedrock BBS" ip="bbs.kristyandrick.com" port="23" protocol="TELNET" login="" password="" font="vga8x16.bmp" keyMap="ANSI" />
        <BBS name="Bento Box BBS" ip="bentoboxbbs.com" port="23" protocol="TELNET" login="" password="" font="vga8x16.bmp" keyMap="ANSI" />
        <BBS name="Bit Sunrise" ip="bitsunrise.com" port="23" protocol="TELNET" login="" password="" font="vga8x16.bmp" keyMap="ANSI" />
        <BBS name="Bits & Bytes BBS" ip="bbs.bnbbbs.net" port="2023" protocol="TELNET" login="" password="" font="vga8x16.bmp" keyMap="ANSI" />
        <BBS name="Black Flag" ip="blackflag.acid.org" port="23" protocol="TELNET" login="" password="" font="vga8x16.bmp" keyMap="ANSI" />
        <BBS name="Black Sun BBS" ip="blacksunbbs.ddns.net" port="23" protocol="TELNET" login="" password="" font="vga8x16.bmp" keyMap="ANSI" />
        <BBS name="Blackfair's Manor" ip="blackf.synchro.net" port="23" protocol="TELNET" login="" password="" font="vga8x16.bmp" keyMap="ANSI" />
        <BBS name="BlackICE" ip="blackice.bbsindex.com" port="23" protocol="TELNET" login="" password="" font="vga8x16.bmp" keyMap="ANSI" />
        <BBS name="Blood Island" ip="bloodisland.ph4.se" port="23" protocol="TELNET" login="" password="" font="vga8x16.bmp" keyMap="ANSI" />
        <BBS name="Blood Stone" ip="www.bsbbs.com" port="23" protocol="TELNET" login="" password="" font="vga8x16.bmp" keyMap="ANSI" />
        <BBS name="BoobTube BBS" ip="bbs.foodvault.net" port="23" protocol="TELNET" login="" password="" font="vga8x16.bmp" keyMap="ANSI" />
        <BBS name="Borderline BBS" ip="borderlinebbs.dyndns.org" port="6400" protocol="TELNET" login="" password="" font="vga8x16.bmp" keyMap="ANSI" />
        <BBS name="Box 24 BBS" ip="bbs.box24.ch" port="23" protocol="TELNET" login="" password="" font="vga8x16.bmp" keyMap="ANSI" />
        <BBS name="BrainToys BBS" ip="braintoys.org" port="23" protocol="TELNET" login="" password="" font="vga8x16.bmp" keyMap="ANSI" />
        <BBS name="Bridge BBS" ip="bridge.vkradio.com" port="23" protocol="TELNET" login="" password="" font="vga8x16.bmp" keyMap="ANSI" />
        <BBS name="Broken Bubble BBS" ip="bbs.thebrokenbubble.com" port="23" protocol="TELNET" login="" password="" font="vga8x16.bmp" keyMap="ANSI" />
        <BBS name="Bufkin Ridge Ranch" ip="bbs.br-ranchbbs.com" port="23" protocol="TELNET" login="" password="" font="vga8x16.bmp" keyMap="ANSI" />
        <BBS name="Capital Station BBS" ip="csbbs.dyndns.org" port="23" protocol="TELNET" login="" password="" font="vga8x16.bmp" keyMap="ANSI" />
        <BBS name="Capitol City Online (1)" ip="capcity2.synchro.net" port="23" protocol="TELNET" login="" password="" font="vga8x16.bmp" keyMap="ANSI" />
        <BBS name="Capitol Shrill BBS" ip="capitolshrill.com" port="23" protocol="TELNET" login="" password="" font="vga8x16.bmp" keyMap="ANSI" />
        <BBS name="Cartel BBS" ip="cartelbbs.keene.co" port="23" protocol="TELNET" login="" password="" font="vga8x16.bmp" keyMap="ANSI" />
        <BBS name="Castle Rock BBS (1)" ip="casrock.com" port="23" protocol="TELNET" login="" password="" font="vga8x16.bmp" keyMap="ANSI" />
        <BBS name="Castle Rock BBS (2)" ip="cedarvalleybbs.com" port="2424" protocol="TELNET" login="" password="" font="vga8x16.bmp" keyMap="ANSI" />
        <BBS name="Castle Rock BBS (3)" ip="castlerockbbs.com" port="23" protocol="TELNET" login="" password="" font="vga8x16.bmp" keyMap="ANSI" />
        <BBS name="Cat Sweat BBS" ip="mud.catsweat.com" port="23" protocol="TELNET" login="" password="" font="vga8x16.bmp" keyMap="ANSI" />
        <BBS name="Catch 22" ip="catch22bbs.com" port="26" protocol="TELNET" login="" password="" font="vga8x16.bmp" keyMap="ANSI" />
        <BBS name="CATS – New Era In Modeming" ip="catsbbs.hopto.org" port="2323" protocol="TELNET" login="" password="" font="vga8x16.bmp" keyMap="ANSI" />
        <BBS name="Cauldron BBS" ip="andrew.homeunix.org" port="2024" protocol="TELNET" login="" password="" font="vga8x16.bmp" keyMap="ANSI" />
        <BBS name="Cave BBS" ip="cavebbs.homeip.net" port="23" protocol="TELNET" login="" password="" font="vga8x16.bmp" keyMap="ANSI" />
        <BBS name="CedarValley BBS" ip="cedarvalleybbs.com" port="2525" protocol="TELNET" login="" password="" font="vga8x16.bmp" keyMap="ANSI" />
        <BBS name="Centronian BBS" ip="centronian.servebeer.com" port="6400" protocol="TELNET" login="" password="" font="vga8x16.bmp" keyMap="ANSI" />
        <BBS name="Chiva Town Social Hub" ip="hub.chivanet.org" port="23" protocol="TELNET" login="" password="" font="vga8x16.bmp" keyMap="ANSI" />
        <BBS name="Christian Fellowship" ip="cfbbs.dtdns.net" port="26" protocol="TELNET" login="" password="" font="vga8x16.bmp" keyMap="ANSI" />
        <BBS name="Circle Of Protection" ip="cop.bbbs.no" port="4000" protocol="TELNET" login="" password="" font="vga8x16.bmp" keyMap="ANSI" />
        <BBS name="CIS Bulletin Board" ip="bbs.cisbbs.nl" port="23" protocol="TELNET" login="" password="" font="vga8x16.bmp" keyMap="ANSI" />
        <BBS name="Cittadella BBS" ip="bbs.cittadellabbs.it" port="4001" protocol="TELNET" login="" password="" font="vga8x16.bmp" keyMap="ANSI" />
        <BBS name="ClassicMUD" ip="bbs.classicmud.com" port="23" protocol="TELNET" login="" password="" font="vga8x16.bmp" keyMap="ANSI" />
        <BBS name="Cloud City BBS" ip="wwiv.cloudcitybbs.com" port="23" protocol="TELNET" login="" password="" font="vga8x16.bmp" keyMap="ANSI" />
        <BBS name="Clutch BBS" ip="clutch.darktech.org" port="23" protocol="TELNET" login="" password="" font="vga8x16.bmp" keyMap="ANSI" />
        <BBS name="Code Red BBS (1)" ip="coderedmud.servegame.com" port="2323" protocol="TELNET" login="" password="" font="vga8x16.bmp" keyMap="ANSI" />
        <BBS name="Code Red BBS (2)" ip="coderedbbs.dyndns.org" port="2323" protocol="TELNET" login="" password="" font="vga8x16.bmp" keyMap="ANSI" />
        <BBS name="Colorado Springs Central Net BBS" ip="cscnet1.net" port="23" protocol="TELNET" login="" password="" font="vga8x16.bmp" keyMap="ANSI" />
        <BBS name="Colossus" ip="bbs.qzwx.com" port="23" protocol="TELNET" login="" password="" font="vga8x16.bmp" keyMap="ANSI" />
        <BBS name="Commodore Image" ip="cib.dyndns.org" port="6400" protocol="TELNET" login="" password="" font="vga8x16.bmp" keyMap="ANSI" />
        <BBS name="Commodore Image 2" ip="cib.dyndns.org" port="6401" protocol="TELNET" login="" password="" font="vga8x16.bmp" keyMap="ANSI" />
        <BBS name="Commodore Image 3" ip="cib.dyndns.org" port="6402" protocol="TELNET" login="" password="" font="vga8x16.bmp" keyMap="ANSI" />
        <BBS name="Computer God" ip="cpugod.synchro.net" port="23" protocol="TELNET" login="" password="" font="vga8x16.bmp" keyMap="ANSI" />
        <BBS name="Convolution BBS" ip="convolution.us" port="23" protocol="TELNET" login="" password="" font="vga8x16.bmp" keyMap="ANSI" />
        <BBS name="Cosmik Debris BBS" ip="cosmikdebris.ddns.net" port="2323" protocol="TELNET" login="" password="" font="vga8x16.bmp" keyMap="ANSI" />
        <BBS name="Cosmo's Castle" ip="ccbbs.zapto.org" port="3143" protocol="TELNET" login="" password="" font="vga8x16.bmp" keyMap="ANSI" />
        <BBS name="Cottonwood BBS" ip="cottonwoodbbs.dyndns.org" port="6502" protocol="TELNET" login="" password="" font="vga8x16.bmp" keyMap="ANSI" />
        <BBS name="Crazy World BBS" ip="crazyworldbbs.com" port="23" protocol="TELNET" login="" password="" font="vga8x16.bmp" keyMap="ANSI" />
        <BBS name="Crystal Aerie" ip="crystal-aerie.com" port="23" protocol="TELNET" login="" password="" font="vga8x16.bmp" keyMap="ANSI" />
        <BBS name="Crystal Palace" ip="cptalker.com" port="9900" protocol="TELNET" login="" password="" font="vga8x16.bmp" keyMap="ANSI" />
        <BBS name="Curmudgeon's Place" ip="curmudge.hopto.org" port="2323" protocol="TELNET" login="" password="" font="vga8x16.bmp" keyMap="ANSI" />
        <BBS name="Cyberia BBS" ip="cyberia.darktech.org" port="23" protocol="TELNET" login="" password="" font="vga8x16.bmp" keyMap="ANSI" />
        <BBS name="CypherPunk (Digitilsoft)" ip="cypherpunkbbs.net" port="23" protocol="TELNET" login="" password="" font="vga8x16.bmp" keyMap="ANSI" />
        <BBS name="Dark Realms" ip="darkrealms.ca" port="23" protocol="TELNET" login="" password="" font="vga8x16.bmp" keyMap="ANSI" />
        <BBS name="Dark Realms BBS" ip="tdrbbs.ddns.net" port="23" protocol="TELNET" login="" password="" font="vga8x16.bmp" keyMap="ANSI" />
        <BBS name="DarkSide BBS" ip="darkside.dtdns.net" port="23" protocol="TELNET" login="" password="" font="vga8x16.bmp" keyMap="ANSI" />
        <BBS name="Darkwood BBS" ip="darkwood.ddns.net" port="23" protocol="TELNET" login="" password="" font="vga8x16.bmp" keyMap="ANSI" />
        <BBS name="Datanet BBS" ip="datanetbbs.net" port="23" protocol="TELNET" login="" password="" font="vga8x16.bmp" keyMap="ANSI" />
        <BBS name="Datotal" ip="datotal.net" port="35723" protocol="TELNET" login="" password="" font="vga8x16.bmp" keyMap="ANSI" />
        <BBS name="Dave's BBS (1)" ip="davesbbs.com" port="23" protocol="TELNET" login="" password="" font="vga8x16.bmp" keyMap="ANSI" />
        <BBS name="Dave's BBS (2)" ip="davesbbs.com" port="24" protocol="TELNET" login="" password="" font="vga8x16.bmp" keyMap="ANSI" />
        <BBS name="DDI BBSystem" ip="ddibbsystem.dk" port="5123" protocol="TELNET" login="" password="" font="vga8x16.bmp" keyMap="ANSI" />
        <BBS name="Deadline BBS" ip="deadline.aegis-corp.org" port="1337" protocol="TELNET" login="" password="" font="vga8x16.bmp" keyMap="ANSI" />
        <BBS name="Decker's Heaven" ip="bbs.deckersheaven.com" port="23" protocol="TELNET" login="" password="" font="vga8x16.bmp" keyMap="ANSI" />
        <BBS name="Delta City BBS" ip="deltacity.se" port="23" protocol="TELNET" login="" password="" font="vga8x16.bmp" keyMap="ANSI" />
        <BBS name="Demonsnet BBS" ip="demonsnet.com" port="23" protocol="TELNET" login="" password="" font="vga8x16.bmp" keyMap="ANSI" />
        <BBS name="Diamond Mine Online" ip="bbs.dmine.net" port="24" protocol="TELNET" login="" password="" font="vga8x16.bmp" keyMap="ANSI" />
        <BBS name="Digisoft" ip="bbs.mm2.se" port="23" protocol="TELNET" login="" password="" font="vga8x16.bmp" keyMap="ANSI" />
        <BBS name="Digital Creation BBS" ip="bbs.digitalcreationbbs.com" port="2323" protocol="TELNET" login="" password="" font="vga8x16.bmp" keyMap="ANSI" />
        <BBS name="Digital Distortion" ip="digitaldistortionbbs.com" port="23" protocol="TELNET" login="" password="" font="vga8x16.bmp" keyMap="ANSI" />
        <BBS name="DigitalDial-Sta#1" ip="digitaldial.homeunix.com" port="2300" protocol="TELNET" login="" password="" font="vga8x16.bmp" keyMap="ANSI" />
        <BBS name="Dinosaur Act" ip="megalextoria.com" port="23" protocol="TELNET" login="" password="" font="vga8x16.bmp" keyMap="ANSI" />
        <BBS name="Disk Box ][" ip="diskbox.homeip.net" port="23" protocol="TELNET" login="" password="" font="vga8x16.bmp" keyMap="ANSI" />
        <BBS name="Distortion" ip="d1st.org" port="23" protocol="TELNET" login="" password="" font="vga8x16.bmp" keyMap="ANSI" />
        <BBS name="DJ's Place" ip="bbs.impakt.net" port="6502" protocol="TELNET" login="" password="" font="vga8x16.bmp" keyMap="ANSI" />
        <BBS name="Doc's Place Online" ip="bbs.docsplace.org" port="26" protocol="TELNET" login="" password="" font="vga8x16.bmp" keyMap="ANSI" />
        <BBS name="Dock Sud" ip="bbs.docksud.com.ar" port="23" protocol="TELNET" login="" password="" font="vga8x16.bmp" keyMap="ANSI" />
        <BBS name="Dogtown BBS" ip="bbs.kiwi.net" port="23" protocol="TELNET" login="" password="" font="vga8x16.bmp" keyMap="ANSI" />
        <BBS name="Domotron" ip="bbs.dwapi.com" port="23" protocol="TELNET" login="" password="" font="vga8x16.bmp" keyMap="ANSI" />
        <BBS name="Door Games Unlimited" ip="dgu.dyndns.org" port="23" protocol="TELNET" login="" password="" font="vga8x16.bmp" keyMap="ANSI" />
        <BBS name="Downunder BBS" ip="downunderbbs.com" port="23" protocol="TELNET" login="" password="" font="vga8x16.bmp" keyMap="ANSI" />
        <BBS name="Dragon's Lair BBS" ip="dragon.vk3heg.net" port="23" protocol="TELNET" login="" password="" font="vga8x16.bmp" keyMap="ANSI" />
        <BBS name="Dreamland BBS" ip="dreamland.darktech.org" port="23" protocol="TELNET" login="" password="" font="vga8x16.bmp" keyMap="ANSI" />
        <BBS name="Dungeon BBS" ip="dungeon.barnabasmusic.com" port="23" protocol="TELNET" login="" password="" font="vga8x16.bmp" keyMap="ANSI" />
        <BBS name="Dungeons of Insanity" ip="dungeonsbbs.com" port="2323" protocol="TELNET" login="" password="" font="vga8x16.bmp" keyMap="ANSI" />
        <BBS name="Dura-Europos" ip="dura-bbs.net" port="6359" protocol="TELNET" login="" password="" font="vga8x16.bmp" keyMap="ANSI" />
        <BBS name="Eagle's Dare" ip="bbsdoors.com" port="23" protocol="TELNET" login="" password="" font="vga8x16.bmp" keyMap="ANSI" />
        <BBS name="Echo Base BBS" ip="telnet.echo-base-bbs.com" port="23" protocol="TELNET" login="" password="" font="vga8x16.bmp" keyMap="ANSI" />
        <BBS name="Echto BBS" ip="bbs.echto.net" port="23" protocol="TELNET" login="" password="" font="vga8x16.bmp" keyMap="ANSI" />
        <BBS name="Edge BBS" ip="theedgebbs.dyndns.org" port="1541" protocol="TELNET" login="" password="" font="vga8x16.bmp" keyMap="ANSI" />
        <BBS name="Efectolinux" ip="bbs.efectolinux.com" port="23" protocol="TELNET" login="" password="" font="vga8x16.bmp" keyMap="ANSI" />
        <BBS name="Eldritch Clockwork" ip="eldritch.darktech.org" port="23" protocol="TELNET" login="" password="" font="vga8x16.bmp" keyMap="ANSI" />
        <BBS name="Electronic Chicken BBS" ip="bbs.electronicchicken.com" port="23" protocol="TELNET" login="" password="" font="vga8x16.bmp" keyMap="ANSI" />
        <BBS name="Electronic Warfare BBS" ip="bbs.ewbbs.net" port="23" protocol="TELNET" login="" password="" font="vga8x16.bmp" keyMap="ANSI" />
        <BBS name="Emerald Hill BBS" ip="bbs.emeraldhill.org" port="23" protocol="TELNET" login="" password="" font="vga8x16.bmp" keyMap="ANSI" />
        <BBS name="Emergency Scene" ip="bbs.emergencyscene.net" port="2475" protocol="TELNET" login="" password="" font="vga8x16.bmp" keyMap="ANSI" />
        <BBS name="Empire of the Dragon BBS" ip="bbs.eotd.com" port="23" protocol="TELNET" login="" password="" font="vga8x16.bmp" keyMap="ANSI" />
        <BBS name="Endless Chaos BBS" ip="endlesschaos.dyndns.org" port="6400" protocol="TELNET" login="" password="" font="vga8x16.bmp" keyMap="ANSI" />
        <BBS name="Error 404 BBS" ip="error404bbs.ddns.net" port="404" protocol="TELNET" login="" password="" font="vga8x16.bmp" keyMap="ANSI" />
        <BBS name="Escape To Other Worlds" ip="etow.com" port="23" protocol="TELNET" login="" password="" font="vga8x16.bmp" keyMap="ANSI" />
        <BBS name="ExecPC" ip="bbs.execpc.com" port="23" protocol="TELNET" login="" password="" font="vga8x16.bmp" keyMap="ANSI" />
        <BBS name="Eye of Storm BBS" ip="bbs.k6sdg.org" port="23" protocol="TELNET" login="" password="" font="vga8x16.bmp" keyMap="ANSI" />
        <BBS name="Eye of the Beholder" ip="fido.beholderbbs.org" port="23" protocol="TELNET" login="" password="" font="vga8x16.bmp" keyMap="ANSI" />
        <BBS name="EZY Prison Board" ip="ezygap.darktech.org" port="3030" protocol="TELNET" login="" password="" font="vga8x16.bmp" keyMap="ANSI" />
        <BBS name="Falcon BBS" ip="bbs.falconbbs.nl" port="23" protocol="TELNET" login="" password="" font="vga8x16.bmp" keyMap="ANSI" />
        <BBS name="Farpoint BBS" ip="farpointbbs.com" port="23" protocol="TELNET" login="" password="" font="vga8x16.bmp" keyMap="ANSI" />
        <BBS name="Fatcats BBS" ip="fatcatsbbs.com" port="23" protocol="TELNET" login="" password="" font="vga8x16.bmp" keyMap="ANSI" />
        <BBS name="Fire on Bayou BBS" ip="bayouflames.ddns.net" port="23" protocol="TELNET" login="" password="" font="vga8x16.bmp" keyMap="ANSI" />
        <BBS name="Fireball Express BBS" ip="fireballex.com" port="23" protocol="TELNET" login="" password="" font="vga8x16.bmp" keyMap="ANSI" />
        <BBS name="Fireball Express VADV" ip="vadv.fireballex.com" port="23" protocol="TELNET" login="" password="" font="vga8x16.bmp" keyMap="ANSI" />
        <BBS name="Firefly BBS" ip="fireflybbs.com" port="23" protocol="TELNET" login="" password="" font="vga8x16.bmp" keyMap="ANSI" />
        <BBS name="First (1st) Choice Core" ip="1stchoicecore.co.nz" port="23" protocol="TELNET" login="" password="" font="vga8x16.bmp" keyMap="ANSI" />
        <BBS name="FlupH BBS" ip="fluph.zapto.org" port="23" protocol="TELNET" login="" password="" font="vga8x16.bmp" keyMap="ANSI" />
        <BBS name="Fluxpod Info Service" ip="fix.no" port="24" protocol="TELNET" login="" password="" font="vga8x16.bmp" keyMap="ANSI" />
        <BBS name="Four Corners BBS" ip="4c.dyndns.org" port="23" protocol="TELNET" login="" password="" font="vga8x16.bmp" keyMap="ANSI" />
        <BBS name="Freeway BBS" ip="freeway.vkradio.com" port="23" protocol="TELNET" login="" password="" font="vga8x16.bmp" keyMap="ANSI" />
        <BBS name="Frugal Computing BBS" ip="frugalbbs.com" port="23" protocol="TELNET" login="" password="" font="vga8x16.bmp" keyMap="ANSI" />
        <BBS name="FuSiON BBS" ip="fusionbbs.ddns.net" port="9640" protocol="TELNET" login="" password="" font="vga8x16.bmp" keyMap="ANSI" />
        <BBS name="Galadin" ip="bbs.galadin.net" port="23" protocol="TELNET" login="" password="" font="vga8x16.bmp" keyMap="ANSI" />
        <BBS name="Game Place" ip="tleeonly.zapto.org" port="23" protocol="TELNET" login="" password="" font="vga8x16.bmp" keyMap="ANSI" />
        <BBS name="GAP Prison Board" ip="ezygap.darktech.org" port="4040" protocol="TELNET" login="" password="" font="vga8x16.bmp" keyMap="ANSI" />
        <BBS name="Gate BBS" ip="thegateb.synchro.net" port="23" protocol="TELNET" login="" password="" font="vga8x16.bmp" keyMap="ANSI" />
        <BBS name="Gate House BBS" ip="bbs.digitalgatehouse.com" port="23" protocol="TELNET" login="" password="" font="vga8x16.bmp" keyMap="ANSI" />
        <BBS name="Generation III POT-D" ip="geniv.dyndns.org" port="23" protocol="TELNET" login="" password="" font="vga8x16.bmp" keyMap="ANSI" />
        <BBS name="Golconda & The Punktheon" ip="punktheon.darktech.org" port="23" protocol="TELNET" login="" password="" font="vga8x16.bmp" keyMap="ANSI" />
        <BBS name="Guardian of Forever" ip="guardian.synchro.net" port="23" protocol="TELNET" login="" password="" font="vga8x16.bmp" keyMap="ANSI" />
        <BBS name="Haciend" ip="haciend.bbs.fi" port="23" protocol="TELNET" login="" password="" font="vga8x16.bmp" keyMap="ANSI" />
        <BBS name="Hard Drive Cafe" ip="hdcbbs.com" port="23" protocol="TELNET" login="" password="" font="vga8x16.bmp" keyMap="ANSI" />
        <BBS name="Hated Reality" ip="hatedreality.homeunix.net" port="23" protocol="TELNET" login="" password="" font="vga8x16.bmp" keyMap="ANSI" />
        <BBS name="Haunting The Chapel" ip="htc.zapto.org" port="23" protocol="TELNET" login="" password="" font="vga8x16.bmp" keyMap="ANSI" />
        <BBS name="Haxor's Palace" ip="telnet.unknownrealm.org" port="23" protocol="TELNET" login="" password="" font="vga8x16.bmp" keyMap="ANSI" />
        <BBS name="Heatwave" ip="heatwave.ddns.net" port="9640" protocol="TELNET" login="" password="" font="vga8x16.bmp" keyMap="ANSI" />
        <BBS name="Heavens Portal" ip="heavensportal.com" port="23" protocol="TELNET" login="" password="" font="vga8x16.bmp" keyMap="ANSI" />
        <BBS name="Herbies BBS" ip="herbies-bbs.ddns.net" port="23" protocol="TELNET" login="" password="" font="vga8x16.bmp" keyMap="ANSI" />
        <BBS name="Hidden Paradise BBS" ip="hpbbs.dyndns.org" port="23" protocol="TELNET" login="" password="" font="vga8x16.bmp" keyMap="ANSI" />
        <BBS name="Hidden Paradise BBS II" ip="hpbbs.dyndns.org" port="2323" protocol="TELNET" login="" password="" font="vga8x16.bmp" keyMap="ANSI" />
        <BBS name="HispaMSX BBS" ip="bbs.hispamsx.org" port="23" protocol="TELNET" login="" password="" font="vga8x16.bmp" keyMap="ANSI" />
        <BBS name="Holy Innocents Church" ip="reu.org" port="23" protocol="TELNET" login="" password="" font="vga8x16.bmp" keyMap="ANSI" />
        <BBS name="Horizon BBS" ip="bbs.horizonbbs.net" port="23" protocol="TELNET" login="" password="" font="vga8x16.bmp" keyMap="ANSI" />
        <BBS name="Hub BBS" ip="bbs.bbshub.net" port="23" protocol="TELNET" login="" password="" font="vga8x16.bmp" keyMap="ANSI" />
        <BBS name="Illusions BBS" ip="arena7.sytes.net" port="23" protocol="TELNET" login="" password="" font="vga8x16.bmp" keyMap="ANSI" />
        <BBS name="Inara BBS" ip="bbs.inarabbs.com" port="23" protocol="TELNET" login="" password="" font="vga8x16.bmp" keyMap="ANSI" />
        <BBS name="Ink Two" ip="bbs.inktwo.com" port="23" protocol="TELNET" login="" password="" font="vga8x16.bmp" keyMap="ANSI" />
        <BBS name="Internal Dimension" ip="idbbs.dlinkddns.com" port="59" protocol="TELNET" login="" password="" font="vga8x16.bmp" keyMap="ANSI" />
        <BBS name="Iowa Student Assc. BBS (ISCA)" ip="bbs.iscabbs.com" port="23" protocol="TELNET" login="" password="" font="vga8x16.bmp" keyMap="ANSI" />
        <BBS name="ISIS Unveiled" ip="isisunveiled.no-ip.org" port="23" protocol="TELNET" login="" password="" font="vga8x16.bmp" keyMap="ANSI" />
        <BBS name="ITC" ip="itcbbs.ddns.net" port="23000" protocol="TELNET" login="" password="" font="vga8x16.bmp" keyMap="ANSI" />
        <BBS name="Ivy Hill BBS" ip="ivyhill.homeip.net" port="2323" protocol="TELNET" login="" password="" font="vga8x16.bmp" keyMap="ANSI" />
        <BBS name="Jamming Signal" ip="bbs.jammingsignal.com" port="23" protocol="TELNET" login="" password="" font="vga8x16.bmp" keyMap="ANSI" />
        <BBS name="Jay's Café" ip="jayscafe.jayctheriot.com" port="23" protocol="TELNET" login="" password="" font="vga8x16.bmp" keyMap="ANSI" />
        <BBS name="JKSales" ip="jksales.net" port="2300" protocol="TELNET" login="" password="" font="vga8x16.bmp" keyMap="ANSI" />
        <BBS name="JumpStart BBS" ip="www.exciter.ws" port="23" protocol="TELNET" login="" password="" font="vga8x16.bmp" keyMap="ANSI" />
        <BBS name="Jungle BBS" ip="junglebbs.com" port="23" protocol="TELNET" login="" password="" font="vga8x16.bmp" keyMap="ANSI" />
        <BBS name="K2 BBS" ip="k2.bbs.tr" port="23" protocol="TELNET" login="" password="" font="vga8x16.bmp" keyMap="ANSI" />
        <BBS name="KD3net" ip="bbs.kd3.us" port="23" protocol="TELNET" login="" password="" font="vga8x16.bmp" keyMap="ANSI" />
        <BBS name="Keep BBS" ip="thekeep.net" port="23" protocol="TELNET" login="" password="" font="vga8x16.bmp" keyMap="ANSI" />
        <BBS name="Killed In Action" ip="kiabbs.org" port="23" protocol="TELNET" login="" password="" font="vga8x16.bmp" keyMap="ANSI" />
        <BBS name="Killing Ground" ip="bbs.zeusdev.co.uk" port="23" protocol="TELNET" login="" password="" font="vga8x16.bmp" keyMap="ANSI" />
        <BBS name="KK4QBN BBS" ip="kk4qbn.synchro.net" port="23" protocol="TELNET" login="" password="" font="vga8x16.bmp" keyMap="ANSI" />
        <BBS name="KOFO BBS" ip="fido.kofobbs.dk" port="23" protocol="TELNET" login="" password="" font="vga8x16.bmp" keyMap="ANSI" />
        <BBS name="Kuehlbox" ip="kuehlbox.wtf" port="23" protocol="TELNET" login="" password="" font="vga8x16.bmp" keyMap="ANSI" />
        <BBS name="Lee Magazine" ip="bbs.leemagazine.net" port="2000" protocol="TELNET" login="" password="" font="vga8x16.bmp" keyMap="ANSI" />
        <BBS name="Legacy BBS" ip="bbs.aoh.fi" port="2400" protocol="TELNET" login="" password="" font="vga8x16.bmp" keyMap="ANSI" />
        <BBS name="Legends of Yesteryear" ip="loybbs.net" port="23322" protocol="TELNET" login="" password="" font="vga8x16.bmp" keyMap="ANSI" />
        <BBS name="Leisure Time BBS" ip="bbs.riddells.net" port="10023" protocol="TELNET" login="" password="" font="vga8x16.bmp" keyMap="ANSI" />
        <BBS name="Level 29" ip="bbs.fozztexx.com" port="23" protocol="TELNET" login="" password="" font="vga8x16.bmp" keyMap="ANSI" />
        <BBS name="Liane BBS" ip="bbs.vslib.cz" port="23" protocol="TELNET" login="" password="" font="vga8x16.bmp" keyMap="ANSI" />
        <BBS name="Lightning BBS" ip="lightningbbs.com" port="2400" protocol="TELNET" login="" password="" font="vga8x16.bmp" keyMap="ANSI" />
        <BBS name="Lion's Den" ip="lionsden.darktech.org" port="23" protocol="TELNET" login="" password="" font="vga8x16.bmp" keyMap="ANSI" />
        <BBS name="Liquid Digital" ip="bbs.liquiddigital.us" port="23" protocol="TELNET" login="" password="" font="vga8x16.bmp" keyMap="ANSI" />
        <BBS name="Livewire International" ip="livewirebbs.com" port="23" protocol="TELNET" login="" password="" font="vga8x16.bmp" keyMap="ANSI" />
        <BBS name="Local Yocal" ip="localyocalbbs.com" port="23" protocol="TELNET" login="" password="" font="vga8x16.bmp" keyMap="ANSI" />
        <BBS name="Loki's Den BBS" ip="lokisdenbbs.com" port="23" protocol="TELNET" login="" password="" font="vga8x16.bmp" keyMap="ANSI" />
        <BBS name="Lord.stabs.org" ip="lord.stabs.org" port="23" protocol="TELNET" login="" password="" font="vga8x16.bmp" keyMap="ANSI" />
        <BBS name="Lost Chord BBS" ip="tlcbbs.synchro.net" port="6023" protocol="TELNET" login="" password="" font="vga8x16.bmp" keyMap="ANSI" />
        <BBS name="Lost Realm BBS" ip="bbs.lost-realm.net" port="23" protocol="TELNET" login="" password="" font="vga8x16.bmp" keyMap="ANSI" />
        <BBS name="Lostways BBS" ip="lostwaysbbs.mooo.com" port="23" protocol="TELNET" login="" password="" font="vga8x16.bmp" keyMap="ANSI" />
        <BBS name="Lunatic Fringe" ip="fringe.darktech.org" port="23" protocol="TELNET" login="" password="" font="vga8x16.bmp" keyMap="ANSI" />
        <BBS name="M-Net" ip="m-net.arbornet.org" port="23" protocol="TELNET" login="" password="" font="vga8x16.bmp" keyMap="ANSI" />
        <BBS name="M. Station" ip="mstation.servebbs.com" port="23" protocol="TELNET" login="" password="" font="vga8x16.bmp" keyMap="ANSI" />
        <BBS name="Madison PC Users Group (MPCUG)" ip="66.188.120.2" port="23" protocol="TELNET" login="" password="" font="vga8x16.bmp" keyMap="ANSI" />
        <BBS name="MadWorld BBS" ip="madworld.bounceme.net" port="6400" protocol="TELNET" login="" password="" font="vga8x16.bmp" keyMap="ANSI" />
        <BBS name="Marco 2000" ip="bbs.serversperimentale.it" port="23" protocol="TELNET" login="" password="" font="vga8x16.bmp" keyMap="ANSI" />
        <BBS name="Metal Zone" ip="tmzbbs01.synchro.net" port="23" protocol="TELNET" login="" password="" font="vga8x16.bmp" keyMap="ANSI" />
        <BBS name="Metallic Dreams" ip="bbs.metallic-dreams.com" port="23" protocol="TELNET" login="" password="" font="vga8x16.bmp" keyMap="ANSI" />
        <BBS name="Metro Olografix" ip="bbs.olografix.org" port="23" protocol="TELNET" login="" password="" font="vga8x16.bmp" keyMap="ANSI" />
        <BBS name="Ministry of Silly MUDS (1)" ip="ministrybbs.com" port="23" protocol="TELNET" login="" password="" font="vga8x16.bmp" keyMap="ANSI" />
        <BBS name="Ministry of Silly MUDS (2)" ip="ministrybbs.com" port="2323" protocol="TELNET" login="" password="" font="vga8x16.bmp" keyMap="ANSI" />
        <BBS name="Miskatonic BBS" ip="rasppi.servebbs.org" port="23" protocol="TELNET" login="" password="" font="vga8x16.bmp" keyMap="ANSI" />
        <BBS name="Missing Links" ip="bbs.mlinks.com" port="23" protocol="TELNET" login="" password="" font="vga8x16.bmp" keyMap="ANSI" />
        <BBS name="MMN" ip="tty.ec.je" port="23" protocol="TELNET" login="" password="" font="vga8x16.bmp" keyMap="ANSI" />
        <BBS name="Mojo's World BBS" ip="mojo.synchro.net" port="23" protocol="TELNET" login="" password="" font="vga8x16.bmp" keyMap="ANSI" />
        <BBS name="Momia BBS" ip="momiabbs.no-ip.info" port="2323" protocol="TELNET" login="" password="" font="vga8x16.bmp" keyMap="ANSI" />
        <BBS name="Monochrome" ip="mono.org" port="23" protocol="TELNET" login="" password="" font="vga8x16.bmp" keyMap="ANSI" />
        <BBS name="Monterey BBS" ip="montereybbs.com" port="23" protocol="TELNET" login="" password="" font="vga8x16.bmp" keyMap="ANSI" />
        <BBS name="Moon Base Alpha" ip="mba.dnsalias.com" port="23" protocol="TELNET" login="" password="" font="vga8x16.bmp" keyMap="ANSI" />
        <BBS name="moonboot labs" ip="bbs.moonbootlabs.net" port="23" protocol="TELNET" login="" password="" font="vga8x16.bmp" keyMap="ANSI" />
        <BBS name="Mozy's Swamp and Red Dwarf BBS" ip="bbs.mozysswamp.org" port="23" protocol="TELNET" login="" password="" font="vga8x16.bmp" keyMap="ANSI" />
        <BBS name="MPrah BBS" ip="mprah.net" port="23" protocol="TELNET" login="" password="" font="vga8x16.bmp" keyMap="ANSI" />
        <BBS name="MtlGeek" ip="mtlgeek.synchro.net" port="23" protocol="TELNET" login="" password="" font="vga8x16.bmp" keyMap="ANSI" />
        <BBS name="Music Station" ip="musicstation.bsrealm.net" port="5223" protocol="TELNET" login="" password="" font="vga8x16.bmp" keyMap="ANSI" />
        <BBS name="My C=ult BBS" ip="maraud.dynalias.com" port="6400" protocol="TELNET" login="" password="" font="vga8x16.bmp" keyMap="ANSI" />
        <BBS name="Mystic Dreams" ip="mysticdreams.dyndns.org" port="24" protocol="TELNET" login="" password="" font="vga8x16.bmp" keyMap="ANSI" />
        <BBS name="Mystic PI BBS" ip="bcw142.zapto.org" port="23" protocol="TELNET" login="" password="" font="vga8x16.bmp" keyMap="ANSI" />
        <BBS name="Mystic Prison Board BBS" ip="pb.darktech.org" port="24" protocol="TELNET" login="" password="" font="vga8x16.bmp" keyMap="ANSI" />
        <BBS name="Mystic.dynu.net" ip="mystic.dynu.net" port="2310" protocol="TELNET" login="" password="" font="vga8x16.bmp" keyMap="ANSI" />
        <BBS name="Mysticbbs.dynu.com" ip="mysticbbs.dynu.com" port="2300" protocol="TELNET" login="" password="" font="vga8x16.bmp" keyMap="ANSI" />
        <BBS name="Necronomicon BBS" ip="necrobbs.strangled.net" port="27" protocol="TELNET" login="" password="" font="vga8x16.bmp" keyMap="ANSI" />
        <BBS name="Nekosoft BBS Server" ip="nekosoft.ddns.net" port="23" protocol="TELNET" login="" password="" font="vga8x16.bmp" keyMap="ANSI" />
        <BBS name="Neo-Nerd" ip="jestronics.dyndns.org" port="6023" protocol="TELNET" login="" password="" font="vga8x16.bmp" keyMap="ANSI" />
        <BBS name="Neptune's Lair BBS" ip="winserver.org" port="23" protocol="TELNET" login="" password="" font="vga8x16.bmp" keyMap="ANSI" />
        <BBS name="NET247 BBS" ip="bbs.net247.com.au" port="23" protocol="TELNET" login="" password="" font="vga8x16.bmp" keyMap="ANSI" />
        <BBS name="Network 23" ip="network23.ch" port="23" protocol="TELNET" login="" password="" font="vga8x16.bmp" keyMap="ANSI" />
        <BBS name="Never Never Land" ip="nnl.darktech.org" port="23" protocol="TELNET" login="" password="" font="vga8x16.bmp" keyMap="ANSI" />
        <BBS name="Nexus BBS (1)" ip="bbs.thenexusbbs.com" port="23" protocol="TELNET" login="" password="" font="vga8x16.bmp" keyMap="ANSI" />
        <BBS name="Nexus BBS (2)" ip="nexus.servebbs.com" port="2323" protocol="TELNET" login="" password="" font="vga8x16.bmp" keyMap="ANSI" />
        <BBS name="Ninho do Abutre 2 BBS" ip="abutre.no-ip.org" port="2323" protocol="TELNET" login="" password="" font="vga8x16.bmp" keyMap="ANSI" />
        <BBS name="Ninteen Eighty-Four" ip="1984.ws" port="23" protocol="TELNET" login="" password="" font="vga8x16.bmp" keyMap="ANSI" />
        <BBS name="Nitemare Cafe" ip="bbs.nitemarecafe.com" port="2002" protocol="TELNET" login="" password="" font="vga8x16.bmp" keyMap="ANSI" />
        <BBS name="Nola Carrier" ip="nolacarrier.com" port="504" protocol="TELNET" login="" password="" font="vga8x16.bmp" keyMap="ANSI" />
        <BBS name="Nut Asylum (XTCBOX)" ip="xtcbox.org" port="23" protocol="TELNET" login="" password="" font="vga8x16.bmp" keyMap="ANSI" />
        <BBS name="OFN Message Gateway" ip="tek1systems.com" port="23" protocol="TELNET" login="" password="" font="vga8x16.bmp" keyMap="ANSI" />
        <BBS name="Onix BBS" ip="onixbbs.servebbs.com" port="23" protocol="TELNET" login="" password="" font="vga8x16.bmp" keyMap="ANSI" />
        <BBS name="Outer Limits BBS" ip="outerlimitsbbs.gotgeeks.com" port="8000" protocol="TELNET" login="" password="" font="vga8x16.bmp" keyMap="ANSI" />
        <BBS name="Outpost BBS" ip="bbs.outpostbbs.net" port="23" protocol="TELNET" login="" password="" font="vga8x16.bmp" keyMap="ANSI" />
        <BBS name="Outwest BBS" ip="outwestbbs.com" port="23" protocol="TELNET" login="" password="" font="vga8x16.bmp" keyMap="ANSI" />
        <BBS name="Parity Error BBS" ip="theparityerror.com" port="23" protocol="TELNET" login="" password="" font="vga8x16.bmp" keyMap="ANSI" />
        <BBS name="Particles! BBS" ip="particlesbbs.dyndns.org" port="6400" protocol="TELNET" login="" password="" font="vga8x16.bmp" keyMap="ANSI" />
        <BBS name="PBNET BBS" ip="pufa.pbnet.ro" port="23" protocol="TELNET" login="" password="" font="vga8x16.bmp" keyMap="ANSI" />
        <BBS name="PBSync Prison Board BBS" ip="wc.darktech.org" port="2424" protocol="TELNET" login="" password="" font="vga8x16.bmp" keyMap="ANSI" />
        <BBS name="Penalty Box" ip="pbox.no-ip.org" port="23" protocol="TELNET" login="" password="" font="vga8x16.bmp" keyMap="ANSI" />
        <BBS name="Pendulus" ip="mud.pendulus.org" port="1536" protocol="TELNET" login="" password="" font="vga8x16.bmp" keyMap="ANSI" />
        <BBS name="Pepzi BBS" ip="pepzi.eu" port="23" protocol="TELNET" login="" password="" font="vga8x16.bmp" keyMap="ANSI" />
        <BBS name="Pharcyde" ip="bbs.pharcyde.org" port="23" protocol="TELNET" login="" password="" font="vga8x16.bmp" keyMap="ANSI" />
        <BBS name="Phoenix BBS" ip="phoenix.bnbbbs.net" port="2323" protocol="TELNET" login="" password="" font="vga8x16.bmp" keyMap="ANSI" />
        <BBS name="Pie33" ip="pie33.com" port="2223" protocol="TELNET" login="" password="" font="vga8x16.bmp" keyMap="ANSI" />
        <BBS name="Positronium Repository (1)" ip="cmech.dynip.com" port="23" protocol="TELNET" login="" password="" font="vga8x16.bmp" keyMap="ANSI" />
        <BBS name="Precinct 99" ip="p99bbs.homenet.org" port="2323" protocol="TELNET" login="" password="" font="vga8x16.bmp" keyMap="ANSI" />
        <BBS name="Prism BBS" ip="filegate.net" port="2300" protocol="TELNET" login="" password="" font="vga8x16.bmp" keyMap="ANSI" />
        <BBS name="Prison Board" ip="rdfig.net" port="23" protocol="TELNET" login="" password="" font="vga8x16.bmp" keyMap="ANSI" />
        <BBS name="Propylene Palace" ip="propylenepalace.com" port="23" protocol="TELNET" login="" password="" font="vga8x16.bmp" keyMap="ANSI" />
        <BBS name="PTT Bulletin Board System #1" ip="ptt.cc" port="23" protocol="TELNET" login="" password="" font="vga8x16.bmp" keyMap="ANSI" />
        <BBS name="PTT Bulletin Board System #2" ip="ptt2.cc" port="23" protocol="TELNET" login="" password="" font="vga8x16.bmp" keyMap="ANSI" />
        <BBS name="Pyffle HQ" ip="hq.pyffle.com" port="23" protocol="TELNET" login="" password="" font="vga8x16.bmp" keyMap="ANSI" />
        <BBS name="Queer and Loathing" ip="queerandloathing.com" port="8888" protocol="TELNET" login="" password="" font="vga8x16.bmp" keyMap="ANSI" />
        <BBS name="Radio Freqs & Geeks BBS" ip="rfgeeksbbs.ddns.net" port="2323" protocol="TELNET" login="" password="" font="vga8x16.bmp" keyMap="ANSI" />
        <BBS name="Razor's Domain 3.141592" ip="bbs.razorsdomain.com" port="31415" protocol="TELNET" login="" password="" font="vga8x16.bmp" keyMap="ANSI" />
        <BBS name="Razor's Domain/2" ip="bbs.razorsdomain.com" port="23230" protocol="TELNET" login="" password="" font="vga8x16.bmp" keyMap="ANSI" />
        <BBS name="RBB Systems Int'l" ip="rbb.bbs.fi" port="32" protocol="TELNET" login="" password="" font="vga8x16.bmp" keyMap="ANSI" />
        <BBS name="RealityBytes BBS" ip="the3beers.com" port="23" protocol="TELNET" login="" password="" font="vga8x16.bmp" keyMap="ANSI" />
        <BBS name="Realitycheck BBS" ip="realitycheckbbs.org" port="23" protocol="TELNET" login="" password="" font="vga8x16.bmp" keyMap="ANSI" />
        <BBS name="Realm of Darkness" ip="www.trod.org" port="23" protocol="TELNET" login="" password="" font="vga8x16.bmp" keyMap="ANSI" />
        <BBS name="RedMud Castle BBS" ip="redmudcastlebbs.us" port="1123" protocol="TELNET" login="" password="" font="vga8x16.bmp" keyMap="ANSI" />
        <BBS name="Reign Of Fire" ip="rofbbs.ddns.net" port="2300" protocol="TELNET" login="" password="" font="vga8x16.bmp" keyMap="ANSI" />
        <BBS name="Resistance Pride" ip="resistancepride.sytes.net" port="23" protocol="TELNET" login="" password="" font="vga8x16.bmp" keyMap="ANSI" />
        <BBS name="RetroDigital BBS" ip="bbs.rdnetbbs.com" port="23" protocol="TELNET" login="" password="" font="vga8x16.bmp" keyMap="ANSI" />
        <BBS name="Return to Lair of Wolverine BBS" ip="bbs.r2lotw.com" port="23" protocol="TELNET" login="" password="" font="vga8x16.bmp" keyMap="ANSI" />
        <BBS name="RF Studio" ip="rfstudio.mine.nu" port="2424" protocol="TELNET" login="" password="" font="vga8x16.bmp" keyMap="ANSI" />
        <BBS name="Riktronics BBS" ip="rkbbs.net" port="23" protocol="TELNET" login="" password="" font="vga8x16.bmp" keyMap="ANSI" />
        <BBS name="RMAC Diversi-Dial Station #34" ip="rmac.d-dial.com" port="23" protocol="TELNET" login="" password="" font="vga8x16.bmp" keyMap="ANSI" />
        <BBS name="Rockville Tavern" ip="bbs.rockvilletavern.com" port="23" protocol="TELNET" login="" password="" font="vga8x16.bmp" keyMap="ANSI" />
        <BBS name="RSR Trip Radio" ip="rsr.synchro.net" port="23" protocol="TELNET" login="" password="" font="vga8x16.bmp" keyMap="ANSI" />
        <BBS name="Sacre Base BBS" ip="sacrebase.servebbs.net" port="486" protocol="TELNET" login="" password="" font="vga8x16.bmp" keyMap="ANSI" />
        <BBS name="Sanctum II BBS" ip="telnet.sanctumbbs.com" port="23" protocol="TELNET" login="" password="" font="vga8x16.bmp" keyMap="ANSI" />
        <BBS name="Sanctum II BBS (2)" ip="sanctumbbs.com" port="6502" protocol="TELNET" login="" password="" font="vga8x16.bmp" keyMap="ANSI" />
        <BBS name="Sandnes BBS" ip="stokmarknes.org" port="24" protocol="TELNET" login="" password="" font="vga8x16.bmp" keyMap="ANSI" />
        <BBS name="Sands of Time" ip="textmmode.com" port="23" protocol="TELNET" login="" password="" font="vga8x16.bmp" keyMap="ANSI" />
        <BBS name="Santronics Software" ip="online.winserver.com" port="23" protocol="TELNET" login="" password="" font="vga8x16.bmp" keyMap="ANSI" />
        <BBS name="Satellite of Madness" ip="madness.synchro.net" port="23" protocol="TELNET" login="" password="" font="vga8x16.bmp" keyMap="ANSI" />
        <BBS name="Saturn V BBS" ip="saturnvbbs.canismajornetworks.com" port="23" protocol="TELNET" login="" password="" font="vga8x16.bmp" keyMap="ANSI" />
        <BBS name="Saturn's Orbit" ip="saturnsorbit.hopto.org" port="23" protocol="TELNET" login="" password="" font="vga8x16.bmp" keyMap="ANSI" />
        <BBS name="Scorp's Portal" ip="scorp.us.to" port="23" protocol="TELNET" login="" password="" font="vga8x16.bmp" keyMap="ANSI" />
        <BBS name="Scratched Reality" ip="reality.throwbackbbs.com" port="2323" protocol="TELNET" login="" password="" font="vga8x16.bmp" keyMap="ANSI" />
        <BBS name="SD2IEC Test BBS" ip="cib.dyndns.org" port="6403" protocol="TELNET" login="" password="" font="vga8x16.bmp" keyMap="ANSI" />
        <BBS name="Search BBS" ip="bbs.thehomesteadinghippy.com" port="34123" protocol="TELNET" login="" password="" font="vga8x16.bmp" keyMap="ANSI" />
        <BBS name="Seattle Community Network" ip="scn.org" port="23" protocol="TELNET" login="" password="" font="vga8x16.bmp" keyMap="ANSI" />
        <BBS name="Second (2nd) Choice Core" ip="2ndchoicecore.ddns.net" port="1024" protocol="TELNET" login="" password="" font="vga8x16.bmp" keyMap="ANSI" />
        <BBS name="Section One BBS" ip="sectiononebbs.com" port="23" protocol="TELNET" login="" password="" font="vga8x16.bmp" keyMap="ANSI" />
        <BBS name="Seventy-Nine (79) Columns" ip="oddnetwork.org" port="23" protocol="TELNET" login="" password="" font="vga8x16.bmp" keyMap="ANSI" />
        <BBS name="Shadowlands BBS" ip="theshadowlandsbbs.ssccbogart.info" port="23" protocol="TELNET" login="" password="" font="vga8x16.bmp" keyMap="ANSI" />
        <BBS name="Shadowscope" ip="bbs.shadowscope.com" port="23" protocol="TELNET" login="" password="" font="vga8x16.bmp" keyMap="ANSI" />
        <BBS name="Shenk's Express" ip="shenks.synchro.net" port="23" protocol="TELNET" login="" password="" font="vga8x16.bmp" keyMap="ANSI" />
        <BBS name="Shodan's Core" ip="shodan.synchro.net" port="23" protocol="TELNET" login="" password="" font="vga8x16.bmp" keyMap="ANSI" />
        <BBS name="SID Station" ip="tssbbs.servebeer.com" port="6400" protocol="TELNET" login="" password="" font="vga8x16.bmp" keyMap="ANSI" />
        <BBS name="Silicon Underground" ip="siliconu.synchro.net" port="23" protocol="TELNET" login="" password="" font="vga8x16.bmp" keyMap="ANSI" />
        <BBS name="Sinclair Retro BBS" ip="retrobbs.sinclair.homepc.it" port="23" protocol="TELNET" login="" password="" font="vga8x16.bmp" keyMap="ANSI" />
        <BBS name="Sinner's Haven II" ip="bbs.sinnershaven.com" port="23" protocol="TELNET" login="" password="" font="vga8x16.bmp" keyMap="ANSI" />
        <BBS name="Sixty-Four Vintage BBS" ip="64vintageremixbbs.dyndns.org" port="6400" protocol="TELNET" login="" password="" font="vga8x16.bmp" keyMap="ANSI" />
        <BBS name="Skylab V BBS" ip="108.237.90.216" port="23" protocol="TELNET" login="" password="" font="vga8x16.bmp" keyMap="ANSI" />
        <BBS name="Slasher BBS" ip="slasherbbs.com" port="23" protocol="TELNET" login="" password="" font="vga8x16.bmp" keyMap="ANSI" />
        <BBS name="Slime City BBS" ip="bbs.retrohack.se" port="23" protocol="TELNET" login="" password="" font="vga8x16.bmp" keyMap="ANSI" />
        <BBS name="Slumberland" ip="bbs.slumberland.org" port="23" protocol="TELNET" login="" password="" font="vga8x16.bmp" keyMap="ANSI" />
        <BBS name="SmokyThing BBS" ip="inflecto.org" port="23" protocol="TELNET" login="" password="" font="vga8x16.bmp" keyMap="ANSI" />
        <BBS name="Solar Pi BBS" ip="bbs.solarpi.net" port="23" protocol="TELNET" login="" password="" font="vga8x16.bmp" keyMap="ANSI" />
        <BBS name="Solarflow BBS" ip="solarflow.dynu.net" port="23" protocol="TELNET" login="" password="" font="vga8x16.bmp" keyMap="ANSI" />
        <BBS name="Southeast Texas BBS" ip="setxchat.net" port="23" protocol="TELNET" login="" password="" font="vga8x16.bmp" keyMap="ANSI" />
        <BBS name="Space Odyssey" ip="bbs.sobbs.org" port="23" protocol="TELNET" login="" password="" font="vga8x16.bmp" keyMap="ANSI" />
        <BBS name="SpaceSST BBS" ip="mccarragher.org" port="23" protocol="TELNET" login="" password="" font="vga8x16.bmp" keyMap="ANSI" />
        <BBS name="Split Infinity" ip="infinity.synchro.net" port="23" protocol="TELNET" login="" password="" font="vga8x16.bmp" keyMap="ANSI" />
        <BBS name="STar Fleet HQ" ip="bbs.sfhqbbs.org" port="5983" protocol="TELNET" login="" password="" font="vga8x16.bmp" keyMap="ANSI" />
        <BBS name="Starbase 21" ip="bbs.starbase21.net" port="23" protocol="TELNET" login="" password="" font="vga8x16.bmp" keyMap="ANSI" />
        <BBS name="Stepping Stone BBS" ip="vintagebbsing.com" port="23" protocol="TELNET" login="" password="" font="vga8x16.bmp" keyMap="ANSI" />
        <BBS name="Stormies BBS" ip="stormie.synchro.net" port="23" protocol="TELNET" login="" password="" font="vga8x16.bmp" keyMap="ANSI" />
        <BBS name="Super Dimension Fortress (SDF-1)" ip="sdf.lonestar.org" port="23" protocol="TELNET" login="" password="" font="vga8x16.bmp" keyMap="ANSI" />
        <BBS name="Sursum Corda! BBS" ip="bbs.sursum-corda.com" port="23" protocol="TELNET" login="" password="" font="vga8x16.bmp" keyMap="ANSI" />
        <BBS name="Swords of Chaos Forever BBS" ip="bbs.soc4ever.com" port="23" protocol="TELNET" login="" password="" font="vga8x16.bmp" keyMap="ANSI" />
        <BBS name="Synchronix" ip="freebsd.synchro.net" port="23" protocol="TELNET" login="" password="" font="vga8x16.bmp" keyMap="ANSI" />
        <BBS name="Syrinx BBS" ip="syrinxbbs.ddns.net" port="23" protocol="TELNET" login="" password="" font="vga8x16.bmp" keyMap="ANSI" />
        <BBS name="System One BBS" ip="systemone.ddns.net" port="6400" protocol="TELNET" login="" password="" font="vga8x16.bmp" keyMap="ANSI" />
        <BBS name="TBirds BBS" ip="tbirds.kicks-ass.net" port="23" protocol="TELNET" login="" password="" font="vga8x16.bmp" keyMap="ANSI" />
        <BBS name="Techienet BBS" ip="bbs.techienet.com" port="23" protocol="TELNET" login="" password="" font="vga8x16.bmp" keyMap="ANSI" />
        <BBS name="Techware" ip="bbs.techware2k.com" port="23" protocol="TELNET" login="" password="" font="vga8x16.bmp" keyMap="ANSI" />
        <BBS name="Tek42" ip="bbs.tek42.net" port="23" protocol="TELNET" login="" password="" font="vga8x16.bmp" keyMap="ANSI" />
        <BBS name="Telehack" ip="telehack.com" port="23" protocol="TELNET" login="" password="" font="vga8x16.bmp" keyMap="ANSI" />
        <BBS name="Tempest Fury BBS" ip="tempestfury.d2g.com" port="23" protocol="TELNET" login="" password="" font="vga8x16.bmp" keyMap="ANSI" />
        <BBS name="Temple of Doom" ip="tod.eothnet.com" port="23" protocol="TELNET" login="" password="" font="vga8x16.bmp" keyMap="ANSI" />
        <BBS name="TequilaMockingbird Online" ip="tequilamockingbirdonline.net" port="23" protocol="TELNET" login="" password="" font="vga8x16.bmp" keyMap="ANSI" />
        <BBS name="The Board" ip="theboard.synchro.net" port="23" protocol="TELNET" login="" password="" font="vga8x16.bmp" keyMap="ANSI" />
        <BBS name="Thirteenth (13th) Floor BBS" ip="bbs.hoyvision.com" port="23" protocol="TELNET" login="" password="" font="vga8x16.bmp" keyMap="ANSI" />
        <BBS name="Throwback BBS" ip="bbs.throwbackbbs.com" port="23" protocol="TELNET" login="" password="" font="vga8x16.bmp" keyMap="ANSI" />
        <BBS name="Thunderbolt BBS" ip="wx1der.dyndns.org" port="23" protocol="TELNET" login="" password="" font="vga8x16.bmp" keyMap="ANSI" />
        <BBS name="Time BBS Deventer" ip="timebbs.hopto.org" port="23" protocol="TELNET" login="" password="" font="vga8x16.bmp" keyMap="ANSI" />
        <BBS name="Time Portal" ip="timeport.synchro.net" port="2112" protocol="TELNET" login="" password="" font="vga8x16.bmp" keyMap="ANSI" />
        <BBS name="Time Warp of the Future BBS" ip="time.synchro.net" port="24" protocol="TELNET" login="" password="" font="vga8x16.bmp" keyMap="ANSI" />
        <BBS name="TinFoil Hat" ip="tfh.hopto.org" port="23" protocol="TELNET" login="" password="" font="vga8x16.bmp" keyMap="ANSI" />
        <BBS name="Tiny's BBS" ip="tinysbbs.com" port="23" protocol="TELNET" login="" password="" font="vga8x16.bmp" keyMap="ANSI" />
        <BBS name="Titan at Redhill" ip="redhill.net.nz" port="23" protocol="TELNET" login="" password="" font="vga8x16.bmp" keyMap="ANSI" />
        <BBS name="Tommy's Holiday Camp" ip="vintage.thcbbs.com" port="23" protocol="TELNET" login="" password="" font="vga8x16.bmp" keyMap="ANSI" />
        <BBS name="Tornado Electronic Communications System" ip="bbs.tecs.de" port="23" protocol="TELNET" login="" password="" font="vga8x16.bmp" keyMap="ANSI" />
        <BBS name="Toxic Laboratory" ip="toxicbbs.com" port="23" protocol="TELNET" login="" password="" font="vga8x16.bmp" keyMap="ANSI" />
        <BBS name="Trashcan BBS" ip="bbs.thenet.gen.nz" port="2324" protocol="TELNET" login="" password="" font="vga8x16.bmp" keyMap="ANSI" />
        <BBS name="Twist of Fate BBS" ip="bbs.chernobylnetworks.ru" port="23" protocol="TELNET" login="" password="" font="vga8x16.bmp" keyMap="ANSI" />
        <BBS name="Twisted Tower" ip="24.176.26.218" port="23" protocol="TELNET" login="" password="" font="vga8x16.bmp" keyMap="ANSI" />
        <BBS name="Two Dudes BBS" ip="twodudes.dtdns.net" port="23" protocol="TELNET" login="" password="" font="vga8x16.bmp" keyMap="ANSI" />
        <BBS name="Uncensored!" ip="uncensored.citadel.org" port="23" protocol="TELNET" login="" password="" font="vga8x16.bmp" keyMap="ANSI" />
        <BBS name="Underground BBS" ip="x.theundergroundbbs.net" port="23" protocol="TELNET" login="" password="" font="vga8x16.bmp" keyMap="ANSI" />
        <BBS name="Undermine" ip="undermine.ddns.net" port="23" protocol="TELNET" login="" password="" font="vga8x16.bmp" keyMap="ANSI" />
        <BBS name="UnderZaNet BBS" ip="bbs.under.za.net" port="23" protocol="TELNET" login="" password="" font="vga8x16.bmp" keyMap="ANSI" />
        <BBS name="Universal Joint BBS" ip="bbs.ujoint.org" port="23" protocol="TELNET" login="" password="" font="vga8x16.bmp" keyMap="ANSI" />
        <BBS name="Unknown BBS" ip="tubbs.synchro.net" port="23" protocol="TELNET" login="" password="" font="vga8x16.bmp" keyMap="ANSI" />
        <BBS name="US 99 BBS" ip="bbs.quinnnet.org" port="23" protocol="TELNET" login="" password="" font="vga8x16.bmp" keyMap="ANSI" />
        <BBS name="VADV Prison Board BBS" ip="rdfig.net" port="2812" protocol="TELNET" login="" password="" font="vga8x16.bmp" keyMap="ANSI" />
        <BBS name="Valhalla Home Services (1)" ip="bbs.valhallahomeservices.com" port="23" protocol="TELNET" login="" password="" font="vga8x16.bmp" keyMap="ANSI" />
        <BBS name="Valhalla Home Services (2)" ip="bbs.valhallahomeservices.com" port="24" protocol="TELNET" login="" password="" font="vga8x16.bmp" keyMap="ANSI" />
        <BBS name="Valley BBS" ip="valleybbs.com" port="23" protocol="TELNET" login="" password="" font="vga8x16.bmp" keyMap="ANSI" />
        <BBS name="Veleno BBS" ip="velenobbs.ddns.net" port="23" protocol="TELNET" login="" password="" font="vga8x16.bmp" keyMap="ANSI" />
        <BBS name="Vengeance BBS" ip="vengeance.dynu.com" port="1337" protocol="TELNET" login="" password="" font="vga8x16.bmp" keyMap="ANSI" />
        <BBS name="Vertrauen" ip="vert.synchro.net" port="23" protocol="TELNET" login="" password="" font="vga8x16.bmp" keyMap="ANSI" />
        <BBS name="Virtual Realities BBS" ip="bbs.virtualrealitiesbbs.com" port="23" protocol="TELNET" login="" password="" font="vga8x16.bmp" keyMap="ANSI" />
        <BBS name="Virtualaltair.com Remote CP/M" ip="altair.virtualaltair.com" port="4667" protocol="TELNET" login="" password="" font="vga8x16.bmp" keyMap="ANSI" />
        <BBS name="Vortex BBS" ip="vortexbbs.com" port="23" protocol="TELNET" login="" password="" font="vga8x16.bmp" keyMap="ANSI" />
        <BBS name="W4BFB" ip="packet.w4bfb.org" port="2333" protocol="TELNET" login="" password="" font="vga8x16.bmp" keyMap="ANSI" />
        <BBS name="WABAC Machine BBS" ip="wabac.ccsnet.com" port="23" protocol="TELNET" login="" password="" font="vga8x16.bmp" keyMap="ANSI" />
        <BBS name="Waldo's Place USA" ip="ftn.wpusa.dynip.com" port="23" protocol="TELNET" login="" password="" font="vga8x16.bmp" keyMap="ANSI" />
        <BBS name="Wall BBS" ip="thewallbbs.com" port="23" protocol="TELNET" login="" password="" font="vga8x16.bmp" keyMap="ANSI" />
        <BBS name="War Ensemble BBS" ip="warensemble.com" port="23" protocol="TELNET" login="" password="" font="vga8x16.bmp" keyMap="ANSI" />
        <BBS name="Wastelands BBS" ip="wastelands-bbs.net" port="23" protocol="TELNET" login="" password="" font="vga8x16.bmp" keyMap="ANSI" />
        <BBS name="Weather Station BBS" ip="bbs.weather-station.org" port="23" protocol="TELNET" login="" password="" font="vga8x16.bmp" keyMap="ANSI" />
        <BBS name="Whisky Lover's Amateur Radio BBS" ip="wd1cks.org" port="23" protocol="TELNET" login="" password="" font="vga8x16.bmp" keyMap="ANSI" />
        <BBS name="Wildcat.dynu.com" ip="wildcat.dynu.com" port="2310" protocol="TELNET" login="" password="" font="vga8x16.bmp" keyMap="ANSI" />
        <BBS name="Wildcat's Castle BBS" ip="bbs.wildcatcastle.com" port="23" protocol="TELNET" login="" password="" font="vga8x16.bmp" keyMap="ANSI" />
        <BBS name="Wintermute BBS" ip="wintermute.bbsindex.com" port="23" protocol="TELNET" login="" password="" font="vga8x16.bmp" keyMap="ANSI" />
        <BBS name="Witch's Den" ip="bbs.thewitchsden.net" port="23" protocol="TELNET" login="" password="" font="vga8x16.bmp" keyMap="ANSI" />
        <BBS name="Wizard's Castle" ip="wccastle.synchro.net" port="24" protocol="TELNET" login="" password="" font="vga8x16.bmp" keyMap="ANSI" />
        <BBS name="Wolfpac BBS" ip="wolfpacbbs.no-ip.ca" port="66" protocol="TELNET" login="" password="" font="vga8x16.bmp" keyMap="ANSI" />
        <BBS name="Wretched Beagle BBS" ip="bbs.wretchedbeagle.com" port="23" protocol="TELNET" login="" password="" font="vga8x16.bmp" keyMap="ANSI" />
        <BBS name="Wrong Number ][ V1.2a" ip="cib.dyndns.org" port="6404" protocol="TELNET" login="" password="" font="vga8x16.bmp" keyMap="ANSI" />
        <BBS name="Wrong Number ][ V2.0" ip="cib.dyndns.org" port="6405" protocol="TELNET" login="" password="" font="vga8x16.bmp" keyMap="ANSI" />
        <BBS name="WWIV Prison Board BBS" ip="pb.darktech.org" port="1023" protocol="TELNET" login="" password="" font="vga8x16.bmp" keyMap="ANSI" />
        <BBS name="Xibalba" ip="xibalba.l33t.codes" port="44510" protocol="TELNET" login="" password="" font="vga8x16.bmp" keyMap="ANSI" />
        <BBS name="YYZ BBS" ip="yyzbbs.no-ip.org" port="65" protocol="TELNET" login="" password="" font="vga8x16.bmp" keyMap="ANSI" />
        <BBS name="Zone BBS" ip="zonebbs.net" port="23" protocol="TELNET" login="" password="" font="vga8x16.bmp" keyMap="ANSI" />
        <BBS name="ZZap BBS" ip="bbs.zzap.org" port="23" protocol="TELNET" login="" password="" font="vga8x16.bmp" keyMap="ANSI" />
    </Phonebook>
</EtherTerm>
